execution_idx,application,class,clone_seed_p,LineCoverage_value,LineCoverage_evaluations,BranchCoverage_value,BranchCoverage_evaluations,ExceptionCoverage_value,ExceptionCoverage_evaluations,WeakMutation_value,WeakMutation_evaluations,OutputCoverage_value,OutputCoverage_evaluations,MethodCoverage_value,MethodCoverage_evaluations,CBranch_value,CBranch_evaluations,current_fitness_evaluations
1,1_tullibee,com.ib.client.Execution,1.0,1.0 ,"[0.9696969696969697 ,0][1.0 ,0]",1.0 ,"[1.0 ,0]",1.0 ,"[1.0 ,0]",1.0 ,"[0.9411764705882353 ,0][1.0 ,0]",1.0 ,"[0.5 ,0][1.0 ,0]",1.0 ,"[1.0 ,0]",1.0 ,"[1.0 ,0]",
1,1_tullibee,com.ib.client.TagValue,1.0,1.0 ,"[0.9333333333333333 ,0][1.0 ,0]",1.0 ,"[1.0 ,0]",1.0 ,"[1.0 ,0]",1.0 ,"[0.9444444444444444 ,0][1.0 ,0]",1.0 ,"[1.0 ,0]",1.0 ,"[1.0 ,0]",1.0 ,"[1.0 ,0]",
1,2_a4j,net.kencochrane.a4j.beans.SellerSearchDetails,1.0,1.0 ,"[1.0 ,0]",1.0 ,"[1.0 ,0]",1.0 ,"[1.0 ,0]",0,,1.0 ,"[1.0 ,0]",1.0 ,"[1.0 ,0]",1.0 ,"[1.0 ,0]",
1,1_tullibee,com.ib.client.ComboLeg,1.0,1.0 ,"[0.76 ,0][1.0 ,0]",1.0 ,"[0.5714285714285714 ,0][0.9047619047619048 ,0][1.0 ,0]",1.0 ,"[1.0 ,0]",1.0 ,"[0.5905511811023622 ,0][0.9212598425196851 ,0][1.0 ,0]",1.0 ,"[0.5 ,0][1.0 ,0]",1.0 ,"[1.0 ,0]",1.0 ,"[0.5714285714285714 ,0][0.9047619047619048 ,0][1.0 ,0]",
1,1_tullibee,com.ib.client.UnderComp,1.0,1.0 ,"[0.9411764705882353 ,0][1.0 ,0]",1.0 ,"[1.0 ,0]",1.0 ,"[1.0 ,0]",1.0 ,"[0.9428571428571428 ,0][1.0 ,0]",1.0 ,"[1.0 ,0]",1.0 ,"[1.0 ,0]",1.0 ,"[1.0 ,0]",
1,1_tullibee,com.ib.client.OrderState,1.0,1.0 ,"[0.9615384615384616 ,0][1.0 ,0]",1.0 ,"[0.8181818181818182 ,0][0.9545454545454546 ,0][1.0 ,0]",1.0 ,"[1.0 ,0]",1.0 ,"[0.7757009345794392 ,0][0.9065420560747663 ,0][0.9813084112149533 ,0][0.9906542056074766 ,0][1.0 ,0]",1.0 ,"[1.0 ,0]",1.0 ,"[1.0 ,0]",1.0 ,"[0.8181818181818182 ,0][0.9545454545454546 ,0][1.0 ,0]",
1,2_a4j,net.kencochrane.a4j.beans.ShoppingCartResponse,1.0,1.0 ,"[1.0 ,0]",1.0 ,"[1.0 ,0]",1.0 ,"[1.0 ,0]",1.0 ,"[1.0 ,0]",1.0 ,"[1.0 ,0]",1.0 ,"[1.0 ,0]",1.0 ,"[1.0 ,0]",
1,1_tullibee,com.ib.client.ContractDetails,1.0,1.0 ,"[1.0 ,0]",1.0 ,"[1.0 ,0]",1.0 ,"[1.0 ,0]",0,,0,,1.0 ,"[1.0 ,0]",1.0 ,"[1.0 ,0]",
1,1_tullibee,com.ib.client.ScannerSubscription,1.0,1.0 ,"[1.0 ,0]",1.0 ,"[1.0 ,0]",1.0 ,"[1.0 ,0]",1.0 ,"[1.0 ,0]",1.0 ,"[0.746031746031746 ,0][0.8253968253968254 ,0][1.0 ,0]",1.0 ,"[1.0 ,0]",1.0 ,"[1.0 ,0]",
1,1_tullibee,com.ib.client.AnyWrapperMsgGenerator,1.0,1.0 ,"[1.0 ,0]",1.0 ,"[1.0 ,0]",1.0 ,"[1.0 ,0]",1.0 ,"[1.0 ,0]",0.4666666666666667 ,"[0.4666666666666667 ,0]",1.0 ,"[1.0 ,0]",1.0 ,"[1.0 ,0]",
1,1_tullibee,com.ib.client.EException,1.0,1.0 ,"[1.0 ,0]",1.0 ,"[1.0 ,0]",1.0 ,"[1.0 ,0]",1.0 ,"[1.0 ,0]",0.7777777777777778 ,"[0.7777777777777778 ,0]",1.0 ,"[1.0 ,0]",1.0 ,"[1.0 ,0]",
1,1_tullibee,com.ib.client.ExecutionFilter,1.0,1.0 ,"[0.7692307692307693 ,0][0.8461538461538461 ,0][0.9230769230769231 ,0][0.9615384615384616 ,0][1.0 ,0]",1.0 ,"[0.45 ,0][0.5 ,0][0.55 ,0][0.65 ,0][0.7 ,0][0.75 ,0][0.85 ,0][0.95 ,0][1.0 ,0]",1.0 ,"[1.0 ,0]",0.9423076923076923 ,"[0.27884615384615385 ,0][0.38461538461538464 ,0][0.4230769230769231 ,0][0.6346153846153846 ,0][0.6538461538461539 ,0][0.6634615384615384 ,0][0.6730769230769231 ,0][0.75 ,0][0.8846153846153846 ,0][0.9230769230769231 ,0][0.9423076923076923 ,0]",1.0 ,"[0.5 ,0][1.0 ,0]",1.0 ,"[1.0 ,0]",1.0 ,"[0.45 ,0][0.5 ,0][0.55 ,0][0.65 ,0][0.7 ,0][0.75 ,0][0.85 ,0][0.95 ,0][1.0 ,0]",
1,2_a4j,net.kencochrane.a4j.beans.Authors,1.0,1.0 ,"[1.0 ,0]",0.9375 ,"[0.9375 ,0]",1.0 ,"[1.0 ,0]",0.9148936170212766 ,"[0.8936170212765957 ,0][0.9148936170212766 ,0]",0.6 ,"[0.6 ,0]",1.0 ,"[1.0 ,0]",0.9375 ,"[0.9375 ,0]",
1,2_a4j,net.kencochrane.a4j.beans.CustomerReview,1.0,1.0 ,"[1.0 ,0]",1.0 ,"[1.0 ,0]",1.0 ,"[1.0 ,0]",1.0 ,"[1.0 ,0]",0.8333333333333334 ,"[0.8333333333333334 ,0]",1.0 ,"[1.0 ,0]",1.0 ,"[1.0 ,0]",
1,2_a4j,net.kencochrane.a4j.beans.BrowseList,1.0,1.0 ,"[1.0 ,0]",1.0 ,"[1.0 ,0]",1.0 ,"[1.0 ,0]",0.90625 ,"[0.90625 ,0]",0.6666666666666666 ,"[0.6666666666666666 ,0]",1.0 ,"[1.0 ,0]",1.0 ,"[1.0 ,0]",
1,2_a4j,net.kencochrane.a4j.beans.Artists,1.0,1.0 ,"[1.0 ,0]",0.9375 ,"[0.9375 ,0]",1.0 ,"[1.0 ,0]",0.9148936170212766 ,"[0.9148936170212766 ,0]",0.6 ,"[0.6 ,0]",1.0 ,"[1.0 ,0]",0.9375 ,"[0.9375 ,0]",
1,2_a4j,net.kencochrane.a4j.beans.ListingProductInfo,1.0,1.0 ,"[1.0 ,0]",1.0 ,"[1.0 ,0]",1.0 ,"[1.0 ,0]",0.9 ,"[0.9 ,0]",0.7777777777777778 ,"[0.4444444444444444 ,0][0.7777777777777778 ,0]",1.0 ,"[1.0 ,0]",1.0 ,"[1.0 ,0]",
1,2_a4j,net.kencochrane.a4j.beans.Mode,1.0,1.0 ,"[1.0 ,0]",1.0 ,"[1.0 ,0]",1.0 ,"[1.0 ,0]",0,,0.9166666666666666 ,"[0.9166666666666666 ,0]",1.0 ,"[1.0 ,0]",1.0 ,"[1.0 ,0]",
1,2_a4j,net.kencochrane.a4j.beans.Accessories,1.0,1.0 ,"[1.0 ,0]",0.9375 ,"[0.9375 ,0]",1.0 ,"[1.0 ,0]",0.9148936170212766 ,"[0.8936170212765957 ,0][0.9148936170212766 ,0]",0.6 ,"[0.6 ,0]",1.0 ,"[1.0 ,0]",0.9375 ,"[0.9375 ,0]",
1,2_a4j,net.kencochrane.a4j.beans.FeedBack,1.0,1.0 ,"[1.0 ,0]",1.0 ,"[1.0 ,0]",1.0 ,"[1.0 ,0]",1.0 ,"[1.0 ,0]",0.8666666666666667 ,"[0.8666666666666667 ,0]",1.0 ,"[1.0 ,0]",1.0 ,"[1.0 ,0]",
1,2_a4j,net.kencochrane.a4j.beans.BlendedSearch,1.0,1.0 ,"[0.9230769230769231 ,0][1.0 ,0]",1.0 ,"[0.9230769230769231 ,0][1.0 ,0]",1.0 ,"[1.0 ,0]",0.925 ,"[0.8 ,0][0.9 ,0][0.925 ,0]",0.6 ,"[0.4666666666666667 ,0][0.6 ,0]",1.0 ,"[1.0 ,0]",1.0 ,"[0.9230769230769231 ,0][1.0 ,0]",
1,2_a4j,net.kencochrane.a4j.beans.FullProduct,1.0,1.0 ,"[0.9259259259259259 ,0][1.0 ,0]",1.0 ,"[0.7619047619047619 ,0][0.9523809523809523 ,0][1.0 ,0]",1.0 ,"[1.0 ,0]",0.92 ,"[0.66 ,0][0.92 ,0]",0.8571428571428571 ,"[0.7142857142857143 ,0][0.7857142857142857 ,0][0.8571428571428571 ,0]",1.0 ,"[1.0 ,0]",1.0 ,"[0.7619047619047619 ,0][0.9523809523809523 ,0][1.0 ,0]",
1,2_a4j,net.kencochrane.a4j.beans.Directors,1.0,1.0 ,"[1.0 ,0]",0.9375 ,"[0.9375 ,0]",1.0 ,"[1.0 ,0]",0.9148936170212766 ,"[0.8936170212765957 ,0][0.9148936170212766 ,0]",0.6 ,"[0.6 ,0]",1.0 ,"[1.0 ,0]",0.9375 ,"[0.9375 ,0]",
1,2_a4j,net.kencochrane.a4j.beans.SellerProfile,1.0,1.0 ,"[1.0 ,0]",1.0 ,"[1.0 ,0]",1.0 ,"[1.0 ,0]",1.0 ,"[1.0 ,0]",0.6 ,"[0.6 ,0]",1.0 ,"[1.0 ,0]",1.0 ,"[1.0 ,0]",
1,2_a4j,net.kencochrane.a4j.beans.Items,1.0,1.0 ,"[1.0 ,0]",1.0 ,"[0.8461538461538461 ,0][1.0 ,0]",1.0 ,"[1.0 ,0]",0.88 ,"[0.88 ,0]",0.75 ,"[0.75 ,0]",1.0 ,"[1.0 ,0]",1.0 ,"[0.8461538461538461 ,0][1.0 ,0]",
1,1_tullibee,com.ib.client.EClientErrors,1.0,1.0 ,"[1.0 ,0]",1.0 ,"[1.0 ,0]",0.25 ,"[0.25 ,0]",1.0 ,"[1.0 ,0]",0,,0.25 ,"[0.25 ,0]",1.0 ,"[1.0 ,0]",
1,2_a4j,net.kencochrane.a4j.A4j,1.0,1.0 ,"[1.0 ,0]",1.0 ,"[1.0 ,0]",1.0 ,"[1.0 ,0]",1.0 ,"[1.0 ,0]",0.5 ,"[0.5 ,0]",1.0 ,"[1.0 ,0]",1.0 ,"[1.0 ,0]",
1,2_a4j,net.kencochrane.a4j.beans.Features,1.0,1.0 ,"[1.0 ,0]",0.9375 ,"[0.9375 ,0]",1.0 ,"[1.0 ,0]",0.9148936170212766 ,"[0.8936170212765957 ,0][0.9148936170212766 ,0]",0.6 ,"[0.6 ,0]",1.0 ,"[1.0 ,0]",0.9375 ,"[0.9375 ,0]",
1,2_a4j,net.kencochrane.a4j.beans.Lists,1.0,1.0 ,"[1.0 ,0]",0.9375 ,"[0.9375 ,0]",1.0 ,"[1.0 ,0]",0.9148936170212766 ,"[0.9148936170212766 ,0]",0.6 ,"[0.6 ,0]",1.0 ,"[1.0 ,0]",0.9375 ,"[0.9375 ,0]",
1,2_a4j,net.kencochrane.a4j.beans.SellerFeedback,1.0,1.0 ,"[1.0 ,0]",1.0 ,"[1.0 ,0]",1.0 ,"[1.0 ,0]",0.9166666666666666 ,"[0.9166666666666666 ,0]",0.6666666666666666 ,"[0.4166666666666667 ,0][0.6666666666666666 ,0]",1.0 ,"[1.0 ,0]",1.0 ,"[1.0 ,0]",
1,2_a4j,net.kencochrane.a4j.beans.Item,1.0,1.0 ,"[1.0 ,0]",1.0 ,"[1.0 ,0]",1.0 ,"[1.0 ,0]",1.0 ,"[1.0 ,0]",0.8787878787878788 ,"[0.7878787878787878 ,0][0.8484848484848485 ,0][0.8787878787878788 ,0]",1.0 ,"[1.0 ,0]",1.0 ,"[1.0 ,0]",
1,2_a4j,net.kencochrane.a4j.beans.ProductLine,1.0,1.0 ,"[1.0 ,0]",1.0 ,"[1.0 ,0]",1.0 ,"[1.0 ,0]",1.0 ,"[1.0 ,0]",0.6363636363636364 ,"[0.5454545454545454 ,0][0.6363636363636364 ,0]",1.0 ,"[1.0 ,0]",1.0 ,"[1.0 ,0]",
1,2_a4j,net.kencochrane.a4j.beans.MiniProduct,1.0,1.0 ,"[1.0 ,0]",1.0 ,"[1.0 ,0]",1.0 ,"[1.0 ,0]",1.0 ,"[1.0 ,0]",0.9047619047619048 ,"[0.9047619047619048 ,0]",1.0 ,"[1.0 ,0]",1.0 ,"[1.0 ,0]",
1,2_a4j,net.kencochrane.a4j.beans.Platforms,1.0,1.0 ,"[1.0 ,0]",0.9375 ,"[0.9375 ,0]",1.0 ,"[1.0 ,0]",0.9148936170212766 ,"[0.9148936170212766 ,0]",0.6 ,"[0.6 ,0]",1.0 ,"[1.0 ,0]",0.9375 ,"[0.9375 ,0]",
1,1_tullibee,com.ib.client.TickType,1.0,1.0 ,"[1.0 ,0]",1.0 ,"[1.0 ,0]",1.0 ,"[1.0 ,0]",1.0 ,"[1.0 ,0]",0.3333333333333333 ,"[0.3333333333333333 ,0]",1.0 ,"[1.0 ,0]",1.0 ,"[1.0 ,0]",
1,2_a4j,net.kencochrane.a4j.beans.RecentlyViewed,1.0,1.0 ,"[1.0 ,0]",0.8947368421052632 ,"[0.8947368421052632 ,0]",1.0 ,"[1.0 ,0]",0.8846153846153846 ,"[0.8846153846153846 ,0]",0.7272727272727273 ,"[0.7272727272727273 ,0]",1.0 ,"[1.0 ,0]",0.8947368421052632 ,"[0.8947368421052632 ,0]",
1,2_a4j,net.kencochrane.a4j.beans.ProductInfo,1.0,1.0 ,"[1.0 ,0]",1.0 ,"[1.0 ,0]",1.0 ,"[1.0 ,0]",0.958904109589041 ,"[0.958904109589041 ,0]",0.75 ,"[0.6666666666666666 ,0][0.7083333333333334 ,0][0.75 ,0]",1.0 ,"[1.0 ,0]",1.0 ,"[1.0 ,0]",
1,2_a4j,net.kencochrane.a4j.beans.Reviews,1.0,1.0 ,"[1.0 ,0]",1.0 ,"[1.0 ,0]",1.0 ,"[1.0 ,0]",0.9393939393939394 ,"[0.9393939393939394 ,0]",0.7777777777777778 ,"[0.6666666666666666 ,0][0.7777777777777778 ,0]",1.0 ,"[1.0 ,0]",1.0 ,"[1.0 ,0]",
1,2_a4j,net.kencochrane.a4j.beans.BrowseNode,1.0,1.0 ,"[0.9722222222222222 ,0][1.0 ,0]",1.0 ,"[0.8148148148148148 ,0][0.9259259259259259 ,0][0.9629629629629629 ,0][1.0 ,0]",1.0 ,"[1.0 ,0]",0.8837209302325582 ,"[0.7674418604651163 ,0][0.7906976744186046 ,0][0.8604651162790697 ,0][0.8837209302325582 ,0]",0.8461538461538461 ,"[0.5384615384615384 ,0][0.7307692307692307 ,0][0.7692307692307693 ,0][0.8076923076923077 ,0][0.8461538461538461 ,0]",1.0 ,"[1.0 ,0]",1.0 ,"[0.8148148148148148 ,0][0.9259259259259259 ,0][0.9629629629629629 ,0][1.0 ,0]",
1,2_a4j,net.kencochrane.a4j.beans.ModeList,1.0,1.0 ,"[0.8461538461538461 ,0][0.9230769230769231 ,0][1.0 ,0]",1.0 ,"[0.7272727272727273 ,0][0.8181818181818182 ,0][0.9090909090909091 ,0][1.0 ,0]",1.0 ,"[1.0 ,0]",0.8235294117647058 ,"[0.7058823529411765 ,0][0.7647058823529411 ,0][0.8235294117647058 ,0]",0.875 ,"[0.625 ,0][0.75 ,0][0.875 ,0]",1.0 ,"[1.0 ,0]",1.0 ,"[0.7272727272727273 ,0][0.8181818181818182 ,0][0.9090909090909091 ,0][1.0 ,0]",
1,2_a4j,net.kencochrane.a4j.beans.ThirdPartyProductDetails,1.0,1.0 ,"[1.0 ,0]",1.0 ,"[1.0 ,0]",1.0 ,"[1.0 ,0]",1.0 ,"[1.0 ,0]",0.9444444444444444 ,"[0.8611111111111112 ,0][0.8888888888888888 ,0][0.9444444444444444 ,0]",1.0 ,"[1.0 ,0]",1.0 ,"[1.0 ,0]",
1,3_gaj,brain.ga.VectorAllelesGenome,1.0,1.0 ,"[1.0 ,0]",1.0 ,"[1.0 ,0]",1.0 ,"[1.0 ,0]",0,,0,,1.0 ,"[1.0 ,0]",1.0 ,"[1.0 ,0]",
1,2_a4j,net.kencochrane.a4j.beans.SellerSearch,1.0,1.0 ,"[1.0 ,0]",1.0 ,"[1.0 ,0]",1.0 ,"[1.0 ,0]",0.9 ,"[0.9 ,0]",0.7777777777777778 ,"[0.4444444444444444 ,0][0.7777777777777778 ,0]",1.0 ,"[1.0 ,0]",1.0 ,"[1.0 ,0]",
1,2_a4j,net.kencochrane.a4j.beans.ListingProductDetails,1.0,1.0 ,"[1.0 ,0]",1.0 ,"[1.0 ,0]",1.0 ,"[1.0 ,0]",1.0 ,"[1.0 ,0]",0.9666666666666667 ,"[0.8166666666666667 ,0][0.9666666666666667 ,0]",1.0 ,"[1.0 ,0]",1.0 ,"[1.0 ,0]",
1,5_templateit,org.templateit.MergeRegion,1.0,1.0 ,"[1.0 ,0]",1.0 ,"[1.0 ,0]",1.0 ,"[1.0 ,0]",0,,0,,1.0 ,"[1.0 ,0]",1.0 ,"[1.0 ,0]",
1,1_tullibee,com.ib.client.Contract,1.0,0.9672131147540983 ,"[0.9180327868852459 ,0][0.9672131147540983 ,0]",0.9361702127659575 ,"[0.8085106382978723 ,0][0.8297872340425532 ,0][0.9148936170212766 ,0][0.9361702127659575 ,0]",1.0 ,"[1.0 ,0]",0.9954954954954955 ,"[0.954954954954955 ,0][0.9594594594594594 ,0][0.972972972972973 ,0][0.9864864864864865 ,0][0.9954954954954955 ,0]",0.75 ,"[0.75 ,0]",1.0 ,"[1.0 ,0]",0.9361702127659575 ,"[0.8085106382978723 ,0][0.8297872340425532 ,0][0.9148936170212766 ,0][0.9361702127659575 ,0]",
1,2_a4j,net.kencochrane.a4j.beans.Starring,1.0,1.0 ,"[1.0 ,0]",0.9375 ,"[0.9375 ,0]",1.0 ,"[1.0 ,0]",0.9148936170212766 ,"[0.8936170212765957 ,0][0.9148936170212766 ,0]",0.6 ,"[0.6 ,0]",1.0 ,"[1.0 ,0]",0.9375 ,"[0.9375 ,0]",
1,1_tullibee,com.ib.client.Util,1.0,1.0 ,"[0.7857142857142857 ,0][0.8571428571428571 ,0][0.9642857142857143 ,0][1.0 ,0]",1.0 ,"[0.7575757575757576 ,0][0.7878787878787878 ,0][0.8787878787878788 ,0][0.9696969696969697 ,0][1.0 ,0]",1.0 ,"[1.0 ,0]",0.9183673469387755 ,"[0.7074829931972789 ,0][0.7142857142857143 ,0][0.8367346938775511 ,0][0.9115646258503401 ,0][0.9183673469387755 ,0]",0.8421052631578947 ,"[0.7894736842105263 ,0][0.8421052631578947 ,0]",1.0 ,"[1.0 ,0]",1.0 ,"[0.7575757575757576 ,0][0.7878787878787878 ,0][0.8787878787878788 ,0][0.9696969696969697 ,0][1.0 ,0]",
1,2_a4j,net.kencochrane.a4j.beans.SimilarProducts,1.0,1.0 ,"[1.0 ,0]",0.9375 ,"[0.9375 ,0]",1.0 ,"[1.0 ,0]",0.9148936170212766 ,"[0.9148936170212766 ,0]",0.6 ,"[0.6 ,0]",1.0 ,"[1.0 ,0]",0.9375 ,"[0.9375 ,0]",
1,2_a4j,net.kencochrane.a4j.beans.SellerProfileDetails,1.0,1.0 ,"[1.0 ,0]",1.0 ,"[1.0 ,0]",1.0 ,"[1.0 ,0]",1.0 ,"[1.0 ,0]",0.9130434782608695 ,"[0.8260869565217391 ,0][0.9130434782608695 ,0]",1.0 ,"[1.0 ,0]",1.0 ,"[1.0 ,0]",
1,5_templateit,org.templateit.Parameter,1.0,1.0 ,"[1.0 ,0]",1.0 ,"[1.0 ,0]",1.0 ,"[1.0 ,0]",1.0 ,"[1.0 ,0]",1.0 ,"[1.0 ,0]",1.0 ,"[1.0 ,0]",1.0 ,"[1.0 ,0]",
1,1_tullibee,com.ib.client.EClientSocket,1.0,0.14086471408647142 ,"[0.09344490934449093 ,0][0.09483960948396095 ,0][0.11157601115760112 ,0][0.1199442119944212 ,0][0.13249651324965134 ,0][0.13389121338912133 ,0][0.13668061366806136 ,0][0.1394700139470014 ,0][0.14086471408647142 ,0]",0.18 ,"[0.10857142857142857 ,0][0.11142857142857143 ,0][0.12857142857142856 ,0][0.13714285714285715 ,0][0.16 ,0][0.1657142857142857 ,0][0.17142857142857143 ,0][0.17714285714285713 ,0][0.18 ,0]",1.0 ,"[1.0 ,0]",0.1888745148771022 ,"[0.1203104786545925 ,0][0.15135834411384216 ,0][0.16688227684346701 ,0][0.18499353169469598 ,0][0.18628719275549807 ,0][0.1888745148771022 ,0]",0.2571428571428571 ,"[0.05714285714285714 ,0][0.08571428571428572 ,0][0.14285714285714285 ,0][0.22857142857142856 ,0][0.2571428571428571 ,0]",1.0 ,"[0.6470588235294118 ,0][0.6666666666666666 ,0][0.7843137254901961 ,0][0.8431372549019608 ,0][0.9803921568627451 ,0][1.0 ,0]",0.18 ,"[0.10571428571428572 ,0][0.10857142857142857 ,0][0.12571428571428572 ,0][0.13428571428571429 ,0][0.16 ,0][0.1657142857142857 ,0][0.17142857142857143 ,0][0.17714285714285713 ,0][0.18 ,0]",
1,2_a4j,net.kencochrane.a4j.beans.ThirdPartyProductInfo,1.0,1.0 ,"[1.0 ,0]",1.0 ,"[1.0 ,0]",1.0 ,"[1.0 ,0]",0.9166666666666666 ,"[0.9166666666666666 ,0]",0.6666666666666666 ,"[0.4166666666666667 ,0][0.6666666666666666 ,0]",1.0 ,"[1.0 ,0]",1.0 ,"[1.0 ,0]",
1,6_jnfe,br.com.jnfe.base.ConsReciNFe,1.0,1.0 ,"[1.0 ,0]",1.0 ,"[1.0 ,0]",1.0 ,"[1.0 ,0]",0,,1.0 ,"[1.0 ,0]",1.0 ,"[1.0 ,0]",1.0 ,"[1.0 ,0]",
1,2_a4j,net.kencochrane.a4j.beans.ShoppingCart,1.0,0.9696969696969697 ,"[0.7575757575757576 ,0][0.8939393939393939 ,0][0.9545454545454546 ,0][0.9696969696969697 ,0]",1.0 ,"[0.7631578947368421 ,0][0.8421052631578947 ,0][0.8947368421052632 ,0][0.9210526315789473 ,0][0.9736842105263158 ,0][1.0 ,0]",1.0 ,"[1.0 ,0]",0.944 ,"[0.744 ,0][0.848 ,0][0.872 ,0][0.888 ,0][0.896 ,0][0.936 ,0][0.944 ,0]",0.7272727272727273 ,"[0.6818181818181818 ,0][0.7272727272727273 ,0]",1.0 ,"[1.0 ,0]",1.0 ,"[0.7631578947368421 ,0][0.8421052631578947 ,0][0.8947368421052632 ,0][0.9210526315789473 ,0][0.9736842105263158 ,0][1.0 ,0]",
1,1_tullibee,com.ib.client.Order,1.0,0.9836065573770492 ,"[0.5573770491803278 ,0][0.5737704918032787 ,0][0.6065573770491803 ,0][0.6885245901639344 ,0][0.9836065573770492 ,0]",0.9925925925925926 ,"[0.044444444444444446 ,0][0.3111111111111111 ,0][0.3333333333333333 ,0][0.34074074074074073 ,0][0.37037037037037035 ,0][0.3925925925925926 ,0][0.5037037037037037 ,0][0.6518518518518519 ,0][0.6814814814814815 ,0][0.7037037037037037 ,0][0.7555555555555555 ,0][0.8 ,0][0.8444444444444444 ,0][0.8740740740740741 ,0][0.9185185185185185 ,0][0.9333333333333333 ,0][0.9629629629629629 ,0][0.9703703703703703 ,0][0.9925925925925926 ,0]",1.0 ,"[1.0 ,0]",0.9970282317979198 ,"[0.05052005943536404 ,0][0.0549777117384844 ,0][0.5720653789004457 ,0][0.6508172362555721 ,0][0.6671619613670133 ,0][0.6924219910846954 ,0][0.7280832095096582 ,0][0.7399702823179792 ,0][0.7890044576523031 ,0][0.7919762258543833 ,0][0.8647845468053492 ,0][0.8974739970282318 ,0][0.9004457652303121 ,0][0.9212481426448736 ,0][0.9494799405646359 ,0][0.9598811292719168 ,0][0.9717682020802377 ,0][0.9806835066864784 ,0][0.9940564635958395 ,0][0.9955423476968797 ,0][0.9970282317979198 ,0]",1.0 ,"[1.0 ,0]",1.0 ,"[1.0 ,0]",0.9925925925925926 ,"[0.044444444444444446 ,0][0.3111111111111111 ,0][0.3333333333333333 ,0][0.34074074074074073 ,0][0.37037037037037035 ,0][0.3925925925925926 ,0][0.5037037037037037 ,0][0.6518518518518519 ,0][0.6814814814814815 ,0][0.7037037037037037 ,0][0.7555555555555555 ,0][0.8 ,0][0.8444444444444444 ,0][0.8740740740740741 ,0][0.9185185185185185 ,0][0.9333333333333333 ,0][0.9629629629629629 ,0][0.9703703703703703 ,0][0.9925925925925926 ,0]",
1,2_a4j,net.kencochrane.a4j.beans.Tracks,1.0,1.0 ,"[1.0 ,0]",0.9375 ,"[0.9375 ,0]",1.0 ,"[1.0 ,0]",0.9148936170212766 ,"[0.9148936170212766 ,0]",0.6 ,"[0.5333333333333333 ,0][0.6 ,0]",1.0 ,"[1.0 ,0]",0.9375 ,"[0.9375 ,0]",
1,2_a4j,net.kencochrane.a4j.DAO.Product,1.0,0.24193548387096775 ,"[0.22580645161290322 ,0][0.24193548387096775 ,0]",0.0967741935483871 ,"[0.06451612903225806 ,0][0.0967741935483871 ,0]",1.0 ,"[1.0 ,0]",0.5333333333333333 ,"[0.5333333333333333 ,0]",0.5 ,"[0.5 ,0]",1.0 ,"[1.0 ,0]",0.0967741935483871 ,"[0.06451612903225806 ,0][0.0967741935483871 ,0]",
1,2_a4j,net.kencochrane.a4j.DAO.Cart,1.0,0.3953488372093023 ,"[0.3953488372093023 ,0]",0.23076923076923078 ,"[0.23076923076923078 ,0]",1.0 ,"[1.0 ,0]",0.7956989247311828 ,"[0.7311827956989247 ,0][0.7956989247311828 ,0]",0.5 ,"[0.5 ,0]",1.0 ,"[1.0 ,0]",0.23076923076923078 ,"[0.23076923076923078 ,0]",
1,2_a4j,net.kencochrane.a4j.DAO.Search,1.0,0.8061224489795918 ,"[0.7959183673469388 ,0][0.8061224489795918 ,0]",0.7894736842105263 ,"[0.7368421052631579 ,0][0.7894736842105263 ,0]",1.0 ,"[1.0 ,0]",1.0 ,"[1.0 ,0]",0.5 ,"[0.5 ,0]",1.0 ,"[1.0 ,0]",0.7894736842105263 ,"[0.7368421052631579 ,0][0.7894736842105263 ,0]",
1,1_tullibee,com.ib.client.EReader,1.0,0.11015490533562823 ,"[0.0034423407917383822 ,0][0.05335628227194492 ,0][0.06712564543889846 ,0][0.07228915662650602 ,0][0.08089500860585198 ,0][0.08433734939759036 ,0][0.09466437177280551 ,0][0.0963855421686747 ,0][0.10671256454388985 ,0][0.10843373493975904 ,0][0.11015490533562823 ,0]",0.4117647058823529 ,"[0.22875816993464052 ,0][0.2679738562091503 ,0][0.28431372549019607 ,0][0.30392156862745096 ,0][0.3202614379084967 ,0][0.34967320261437906 ,0][0.3562091503267974 ,0][0.3790849673202614 ,0][0.38562091503267976 ,0][0.3954248366013072 ,0][0.39869281045751637 ,0][0.40522875816993464 ,0][0.4084967320261438 ,0][0.4117647058823529 ,0]",1.0 ,"[1.0 ,0]",0.18222222222222223 ,"[0.17925925925925926 ,0][0.18222222222222223 ,0]",0.2 ,"[0.05714285714285714 ,0][0.11428571428571428 ,0][0.17142857142857143 ,0][0.2 ,0]",0.5 ,"[0.42857142857142855 ,0][0.5 ,0]",0.4117647058823529 ,"[0.22875816993464052 ,0][0.2679738562091503 ,0][0.28431372549019607 ,0][0.30392156862745096 ,0][0.3202614379084967 ,0][0.34967320261437906 ,0][0.3562091503267974 ,0][0.3790849673202614 ,0][0.38562091503267976 ,0][0.3954248366013072 ,0][0.39869281045751637 ,0][0.40522875816993464 ,0][0.4084967320261438 ,0][0.4117647058823529 ,0]",
1,2_a4j,net.kencochrane.a4j.beans.ProductDetails,1.0,0.9726962457337884 ,"[0.8430034129692833 ,0][0.8498293515358362 ,0][0.8737201365187713 ,0][0.8805460750853242 ,0][0.9044368600682594 ,0][0.9078498293515358 ,0][0.9453924914675768 ,0][0.9522184300341296 ,0][0.9726962457337884 ,0]",0.9307692307692308 ,"[0.7923076923076923 ,0][0.8076923076923077 ,0][0.8384615384615385 ,0][0.8692307692307693 ,0][0.8769230769230769 ,0][0.8923076923076924 ,0][0.9 ,0][0.9307692307692308 ,0]",1.0 ,"[0.9306930693069307 ,0][0.9900990099009901 ,0][1.0 ,0]",0.764367816091954 ,"[0.14367816091954022 ,0][0.21839080459770116 ,0][0.2988505747126437 ,0][0.3793103448275862 ,0][0.5804597701149425 ,0][0.5919540229885057 ,0][0.6551724137931034 ,0][0.6666666666666666 ,0][0.764367816091954 ,0]",0.9440559440559441 ,"[0.38461538461538464 ,0][0.43356643356643354 ,0][0.46853146853146854 ,0][0.5034965034965035 ,0][0.5524475524475524 ,0][0.5874125874125874 ,0][0.6013986013986014 ,0][0.6573426573426573 ,0][0.6783216783216783 ,0][0.7202797202797203 ,0][0.7482517482517482 ,0][0.7692307692307693 ,0][0.8111888111888111 ,0][0.8251748251748252 ,0][0.8461538461538461 ,0][0.8671328671328671 ,0][0.8881118881118881 ,0][0.8951048951048951 ,0][0.9020979020979021 ,0][0.9300699300699301 ,0][0.9370629370629371 ,0][0.9440559440559441 ,0]",1.0 ,"[0.9306930693069307 ,0][0.9900990099009901 ,0][1.0 ,0]",0.9307692307692308 ,"[0.7461538461538462 ,0][0.7923076923076923 ,0][0.8076923076923077 ,0][0.8384615384615385 ,0][0.8692307692307693 ,0][0.8769230769230769 ,0][0.8923076923076924 ,0][0.9 ,0][0.9307692307692308 ,0]",
1,2_a4j,net.kencochrane.a4j.data.Query,1.0,1.0 ,"[0.9442231075697212 ,0][0.9561752988047809 ,0][0.9721115537848606 ,0][1.0 ,0]",1.0 ,"[0.56 ,0][0.92 ,0][1.0 ,0]",1.0 ,"[1.0 ,0]",0.9943502824858758 ,"[0.940677966101695 ,0][0.9731638418079096 ,0][0.9943502824858758 ,0]",0.38095238095238093 ,"[0.3333333333333333 ,0][0.35714285714285715 ,0][0.38095238095238093 ,0]",1.0 ,"[0.9333333333333333 ,0][1.0 ,0]",1.0 ,"[0.56 ,0][0.92 ,0][1.0 ,0]",
1,2_a4j,net.kencochrane.a4j.util.LoadProperties,1.0,0.72 ,"[0.72 ,0]",0.8333333333333334 ,"[0.8333333333333334 ,0]",1.0 ,"[1.0 ,0]",0.6470588235294118 ,"[0.6470588235294118 ,0]",0.75 ,"[0.75 ,0]",1.0 ,"[1.0 ,0]",0.8333333333333334 ,"[0.8333333333333334 ,0]",
1,3_gaj,brain.ga.SectMutator,1.0,0.7 ,"[0.7 ,0]",0.5 ,"[0.5 ,0]",1.0 ,"[1.0 ,0]",0.1111111111111111 ,"[0.1111111111111111 ,0]",0.3333333333333333 ,"[0.3333333333333333 ,0]",1.0 ,"[1.0 ,0]",0.5 ,"[0.5 ,0]",
1,4_rif,com.densebrain.rif.client.RIFClassLoader,1.0,0.7142857142857143 ,"[0.7142857142857143 ,0]",1.0 ,"[1.0 ,0]",1.0 ,"[1.0 ,0]",1.0 ,"[1.0 ,0]",0.0625 ,"[0.0625 ,0]",1.0 ,"[1.0 ,0]",1.0 ,"[1.0 ,0]",
1,3_gaj,brain.ga.RankSelector,1.0,1.0 ,"[0.5 ,0][1.0 ,0]",1.0 ,"[1.0 ,0]",1.0 ,"[1.0 ,0]",1.0 ,"[1.0 ,0]",0.5 ,"[0.5 ,0]",1.0 ,"[1.0 ,0]",1.0 ,"[1.0 ,0]",
1,3_gaj,brain.ga.GAAlgorithm,1.0,0.8695652173913043 ,"[0.8260869565217391 ,0][0.8695652173913043 ,0]",0.9285714285714286 ,"[0.9285714285714286 ,0]",1.0 ,"[1.0 ,0]",0.6666666666666666 ,"[0.5 ,0][0.6666666666666666 ,0]",0.8 ,"[0.5 ,0][0.7 ,0][0.8 ,0]",1.0 ,"[1.0 ,0]",0.9285714285714286 ,"[0.9285714285714286 ,0]",
1,1_tullibee,com.ib.client.EWrapperMsgGenerator,1.0,0.926829268292683 ,"[0.7195121951219512 ,0][0.7682926829268293 ,0][0.8170731707317073 ,0][0.8658536585365854 ,0][0.9024390243902439 ,0][0.926829268292683 ,0]",0.9104477611940298 ,"[0.6567164179104478 ,0][0.6716417910447762 ,0][0.7611940298507462 ,0][0.8059701492537313 ,0][0.8208955223880597 ,0][0.8507462686567164 ,0][0.8955223880597015 ,0][0.9104477611940298 ,0]",1.0 ,"[1.0 ,0]",0.996594778660613 ,"[0.9182746878547106 ,0][0.9341657207718501 ,0][0.9841089670828603 ,0][0.9931895573212258 ,0][0.996594778660613 ,0]",0.3333333333333333 ,"[0.3235294117647059 ,0][0.3333333333333333 ,0]",1.0 ,"[1.0 ,0]",0.9104477611940298 ,"[0.6567164179104478 ,0][0.6716417910447762 ,0][0.7611940298507462 ,0][0.8059701492537313 ,0][0.8208955223880597 ,0][0.8507462686567164 ,0][0.8955223880597015 ,0][0.9104477611940298 ,0]",
1,3_gaj,brain.ga.UniformCrossover,1.0,1.0 ,"[1.0 ,0]",0.8 ,"[0.8 ,0]",1.0 ,"[1.0 ,0]",0.7727272727272727 ,"[0.7727272727272727 ,0]",0.5 ,"[0.5 ,0]",1.0 ,"[1.0 ,0]",0.8 ,"[0.8 ,0]",
1,3_gaj,brain.ga.VectorGenome,1.0,1.0 ,"[0.9090909090909091 ,0][1.0 ,0]",1.0 ,"[1.0 ,0]",1.0 ,"[1.0 ,0]",1.0 ,"[1.0 ,0]",0.8 ,"[0.6 ,0][0.8 ,0]",1.0 ,"[1.0 ,0]",1.0 ,"[1.0 ,0]",
1,5_templateit,org.templateit.NamedStyle,1.0,1.0 ,"[1.0 ,0]",1.0 ,"[1.0 ,0]",1.0 ,"[1.0 ,0]",1.0 ,"[1.0 ,0]",0.8571428571428571 ,"[0.8571428571428571 ,0]",1.0 ,"[1.0 ,0]",1.0 ,"[1.0 ,0]",
1,3_gaj,brain.ga.GAEnumAllelesSet,1.0,1.0 ,"[1.0 ,0]",1.0 ,"[1.0 ,0]",1.0 ,"[1.0 ,0]",1.0 ,"[1.0 ,0]",0.8571428571428571 ,"[0.2857142857142857 ,0][0.5714285714285714 ,0][0.8571428571428571 ,0]",1.0 ,"[1.0 ,0]",1.0 ,"[1.0 ,0]",
1,2_a4j,net.kencochrane.a4j.util.a4jUtil,1.0,0.9069767441860465 ,"[0.9069767441860465 ,0]",1.0 ,"[1.0 ,0]",1.0 ,"[1.0 ,0]",0.9354838709677419 ,"[0.9354838709677419 ,0]",0.7272727272727273 ,"[0.6363636363636364 ,0][0.7272727272727273 ,0]",1.0 ,"[1.0 ,0]",1.0 ,"[1.0 ,0]",
1,5_templateit,org.templateit.OpMatcher,1.0,0.8163265306122449 ,"[0.7959183673469388 ,0][0.8163265306122449 ,0]",0.7333333333333333 ,"[0.6444444444444445 ,0][0.7333333333333333 ,0]",1.0 ,"[1.0 ,0]",0.6833333333333333 ,"[0.6166666666666667 ,0][0.6833333333333333 ,0]",0.42105263157894735 ,"[0.3684210526315789 ,0][0.42105263157894735 ,0]",1.0 ,"[1.0 ,0]",0.7333333333333333 ,"[0.6444444444444445 ,0][0.7333333333333333 ,0]",
1,3_gaj,brain.ga.GAUtilities,1.0,1.0 ,"[1.0 ,0]",1.0 ,"[1.0 ,0]",1.0 ,"[1.0 ,0]",1.0 ,"[0.9887640449438202 ,0][1.0 ,0]",0.6 ,"[0.6 ,0]",1.0 ,"[1.0 ,0]",1.0 ,"[1.0 ,0]",
1,3_gaj,brain.ga.Genome,1.0,0.6428571428571429 ,"[0.6428571428571429 ,0]",0.4444444444444444 ,"[0.4444444444444444 ,0]",1.0 ,"[1.0 ,0]",0.1 ,"[0.1 ,0]",0.125 ,"[0.125 ,0]",0.8 ,"[0.8 ,0]",0.4444444444444444 ,"[0.4444444444444444 ,0]",
1,6_jnfe,br.com.jnfe.base.ContribICMS,1.0,0.25 ,"[0.25 ,0]",1.0 ,"[1.0 ,0]",1.0 ,"[1.0 ,0]",0,,0.125 ,"[0.125 ,0]",1.0 ,"[1.0 ,0]",1.0 ,"[1.0 ,0]",
1,6_jnfe,br.com.jnfe.base.CRT,1.0,0.25 ,"[0.25 ,0]",1.0 ,"[1.0 ,0]",1.0 ,"[1.0 ,0]",0,,0.125 ,"[0.125 ,0]",1.0 ,"[1.0 ,0]",1.0 ,"[1.0 ,0]",
1,5_templateit,org.templateit.Reference,1.0,1.0 ,"[0.9583333333333334 ,0][1.0 ,0]",1.0 ,"[1.0 ,0]",1.0 ,"[1.0 ,0]",0.9904761904761905 ,"[0.9714285714285714 ,0][0.9904761904761905 ,0]",0.8181818181818182 ,"[0.8181818181818182 ,0]",1.0 ,"[1.0 ,0]",1.0 ,"[1.0 ,0]",
1,5_templateit,org.templateit.util.DelimitedFileReader,1.0,1.0 ,"[0.17391304347826086 ,0][0.9130434782608695 ,0][1.0 ,0]",1.0 ,"[0.18181818181818182 ,0][1.0 ,0]",1.0 ,"[1.0 ,0]",1.0 ,"[1.0 ,0]",0.8 ,"[0.6 ,0][0.8 ,0]",1.0 ,"[0.4 ,0][1.0 ,0]",1.0 ,"[0.09090909090909091 ,0][0.9090909090909091 ,0][1.0 ,0]",
1,5_templateit,org.templateit.Region,1.0,1.0 ,"[0.8260869565217391 ,0][1.0 ,0]",1.0 ,"[0.41935483870967744 ,0][0.6451612903225806 ,0][0.8387096774193549 ,0][0.967741935483871 ,0][1.0 ,0]",1.0 ,"[1.0 ,0]",1.0 ,"[0.24561403508771928 ,0][0.5789473684210527 ,0][0.8421052631578947 ,0][0.9649122807017544 ,0][0.9824561403508771 ,0][1.0 ,0]",0.9047619047619048 ,"[0.38095238095238093 ,0][0.47619047619047616 ,0][0.7142857142857143 ,0][0.8095238095238095 ,0][0.8571428571428571 ,0][0.9047619047619048 ,0]",1.0 ,"[0.8888888888888888 ,0][1.0 ,0]",1.0 ,"[0.41935483870967744 ,0][0.6451612903225806 ,0][0.8387096774193549 ,0][0.967741935483871 ,0][1.0 ,0]",
1,2_a4j,net.kencochrane.a4j.file.FileUtil,1.0,0.7338935574229691 ,"[0.44537815126050423 ,0][0.5294117647058824 ,0][0.5686274509803921 ,0][0.5854341736694678 ,0][0.6022408963585434 ,0][0.6162464985994398 ,0][0.6246498599439776 ,0][0.6442577030812325 ,0][0.7002801120448179 ,0][0.7030812324929971 ,0][0.7058823529411765 ,0][0.7338935574229691 ,0]",0.52 ,"[0.28 ,0][0.328 ,0][0.392 ,0][0.424 ,0][0.456 ,0][0.472 ,0][0.504 ,0][0.52 ,0]",1.0 ,"[1.0 ,0]",0.9148230088495575 ,"[0.6493362831858407 ,0][0.7057522123893806 ,0][0.7079646017699115 ,0][0.7433628318584071 ,0][0.7743362831858407 ,0][0.7809734513274337 ,0][0.8008849557522124 ,0][0.8163716814159292 ,0][0.8174778761061947 ,0][0.834070796460177 ,0][0.8362831858407079 ,0][0.8849557522123894 ,0][0.8860619469026548 ,0][0.9148230088495575 ,0]",0.2545454545454545 ,"[0.06666666666666667 ,0][0.10606060606060606 ,0][0.18787878787878787 ,0][0.19090909090909092 ,0][0.23030303030303031 ,0][0.23939393939393938 ,0][0.24848484848484848 ,0][0.2515151515151515 ,0][0.2545454545454545 ,0]",1.0 ,"[0.84 ,0][0.88 ,0][0.92 ,0][0.96 ,0][1.0 ,0]",0.456 ,"[0.28 ,0][0.296 ,0][0.312 ,0][0.336 ,0][0.392 ,0][0.4 ,0][0.424 ,0][0.44 ,0][0.456 ,0]",
1,6_jnfe,br.com.jnfe.base.C_ICMS,1.0,0.7 ,"[0.7 ,0]",1.0 ,"[1.0 ,0]",1.0 ,"[1.0 ,0]",1.0 ,"[1.0 ,0]",0.45161290322580644 ,"[0.3870967741935484 ,0][0.41935483870967744 ,0][0.45161290322580644 ,0]",1.0 ,"[1.0 ,0]",1.0 ,"[1.0 ,0]",
1,3_gaj,brain.ga.Population,1.0,1.0 ,"[0.84 ,0][0.88 ,0][0.96 ,0][1.0 ,0]",1.0 ,"[0.8461538461538461 ,0][0.9230769230769231 ,0][1.0 ,0]",1.0 ,"[1.0 ,0]",0.9473684210526315 ,"[0.5 ,0][0.9210526315789473 ,0][0.9473684210526315 ,0]",0.7142857142857143 ,"[0.42857142857142855 ,0][0.5 ,0][0.5714285714285714 ,0][0.6428571428571429 ,0][0.7142857142857143 ,0]",1.0 ,"[0.9166666666666666 ,0][1.0 ,0]",1.0 ,"[0.8461538461538461 ,0][0.9230769230769231 ,0][1.0 ,0]",
1,6_jnfe,br.com.jnfe.base.CST_COFINS,1.0,0.5333333333333333 ,"[0.4666666666666667 ,0][0.5333333333333333 ,0]",1.0 ,"[0.875 ,0][1.0 ,0]",1.0 ,"[1.0 ,0]",0.8333333333333334 ,"[0.6666666666666666 ,0][0.8333333333333334 ,0]",0.3684210526315789 ,"[0.2631578947368421 ,0][0.3684210526315789 ,0]",1.0 ,"[1.0 ,0]",1.0 ,"[0.875 ,0][1.0 ,0]",
1,6_jnfe,br.com.jnfe.base.CStat,1.0,0.42857142857142855 ,"[0.42857142857142855 ,0]",1.0 ,"[1.0 ,0]",1.0 ,"[1.0 ,0]",1.0 ,"[1.0 ,0]",0.375 ,"[0.25 ,0][0.375 ,0]",1.0 ,"[1.0 ,0]",1.0 ,"[1.0 ,0]",
1,6_jnfe,br.com.jnfe.base.CST_IPI,1.0,0.4 ,"[0.4 ,0]",1.0 ,"[1.0 ,0]",1.0 ,"[1.0 ,0]",1.0 ,"[1.0 ,0]",0.29411764705882354 ,"[0.23529411764705882 ,0][0.29411764705882354 ,0]",1.0 ,"[1.0 ,0]",1.0 ,"[1.0 ,0]",
1,6_jnfe,br.com.jnfe.base.CST_Grupo,1.0,0.4444444444444444 ,"[0.4444444444444444 ,0]",1.0 ,"[1.0 ,0]",1.0 ,"[1.0 ,0]",0.8666666666666667 ,"[0.8666666666666667 ,0]",0.38095238095238093 ,"[0.3333333333333333 ,0][0.38095238095238093 ,0]",1.0 ,"[1.0 ,0]",1.0 ,"[1.0 ,0]",
1,6_jnfe,br.com.jnfe.base.CST_PIS,1.0,0.5333333333333333 ,"[0.4 ,0][0.4666666666666667 ,0][0.5333333333333333 ,0]",1.0 ,"[0.75 ,0][0.875 ,0][1.0 ,0]",1.0 ,"[1.0 ,0]",0.8333333333333334 ,"[0.6666666666666666 ,0][0.8333333333333334 ,0]",0.3684210526315789 ,"[0.21052631578947367 ,0][0.3157894736842105 ,0][0.3684210526315789 ,0]",1.0 ,"[0.8 ,0][1.0 ,0]",1.0 ,"[0.75 ,0][0.875 ,0][1.0 ,0]",
1,6_jnfe,br.com.jnfe.base.FinNFe,1.0,0.25 ,"[0.25 ,0]",1.0 ,"[1.0 ,0]",1.0 ,"[1.0 ,0]",0,,0.125 ,"[0.125 ,0]",1.0 ,"[1.0 ,0]",1.0 ,"[1.0 ,0]",
1,6_jnfe,br.com.jnfe.base.IndTot,1.0,0.25 ,"[0.25 ,0]",1.0 ,"[1.0 ,0]",1.0 ,"[1.0 ,0]",1.0 ,"[1.0 ,0]",0.2 ,"[0.1 ,0][0.2 ,0]",1.0 ,"[1.0 ,0]",1.0 ,"[1.0 ,0]",
1,6_jnfe,br.com.jnfe.base.IndPag,1.0,0.25 ,"[0.25 ,0]",1.0 ,"[1.0 ,0]",1.0 ,"[1.0 ,0]",0,,0.125 ,"[0.125 ,0]",1.0 ,"[1.0 ,0]",1.0 ,"[1.0 ,0]",
1,6_jnfe,br.com.jnfe.base.ModBCST,1.0,0.25 ,"[0.25 ,0]",1.0 ,"[1.0 ,0]",1.0 ,"[1.0 ,0]",0,,0.125 ,"[0.125 ,0]",1.0 ,"[1.0 ,0]",1.0 ,"[1.0 ,0]",
1,6_jnfe,br.com.jnfe.base.ModeloNFe,1.0,1.0 ,"[1.0 ,0]",1.0 ,"[1.0 ,0]",1.0 ,"[1.0 ,0]",1.0 ,"[1.0 ,0]",0.125 ,"[0.125 ,0]",1.0 ,"[1.0 ,0]",1.0 ,"[1.0 ,0]",
1,6_jnfe,br.com.jnfe.base.ModFrete,1.0,0.25 ,"[0.25 ,0]",1.0 ,"[1.0 ,0]",1.0 ,"[1.0 ,0]",0,,0.125 ,"[0.125 ,0]",1.0 ,"[1.0 ,0]",1.0 ,"[1.0 ,0]",
1,6_jnfe,br.com.jnfe.base.ModBC,1.0,0.25 ,"[0.25 ,0]",1.0 ,"[1.0 ,0]",1.0 ,"[1.0 ,0]",0,,0.125 ,"[0.125 ,0]",1.0 ,"[1.0 ,0]",1.0 ,"[1.0 ,0]",
1,6_jnfe,br.com.jnfe.base.MotDesICMS,1.0,0.25 ,"[0.25 ,0]",1.0 ,"[1.0 ,0]",1.0 ,"[1.0 ,0]",0,,0.25 ,"[0.25 ,0]",1.0 ,"[1.0 ,0]",1.0 ,"[1.0 ,0]",
1,6_jnfe,br.com.jnfe.base.ProcEmi,1.0,0.25 ,"[0.25 ,0]",1.0 ,"[1.0 ,0]",1.0 ,"[1.0 ,0]",0,,0.125 ,"[0.125 ,0]",1.0 ,"[1.0 ,0]",1.0 ,"[1.0 ,0]",
1,6_jnfe,br.com.jnfe.base.Orig,1.0,0.375 ,"[0.375 ,0]",1.0 ,"[1.0 ,0]",1.0 ,"[1.0 ,0]",1.0 ,"[1.0 ,0]",0.2857142857142857 ,"[0.21428571428571427 ,0][0.2857142857142857 ,0]",1.0 ,"[1.0 ,0]",1.0 ,"[1.0 ,0]",
1,6_jnfe,br.com.jnfe.base.RegimeEspecialTributario,1.0,0.25 ,"[0.25 ,0]",1.0 ,"[1.0 ,0]",1.0 ,"[1.0 ,0]",0,,0.125 ,"[0.125 ,0]",1.0 ,"[1.0 ,0]",1.0 ,"[1.0 ,0]",
1,6_jnfe,br.com.jnfe.base.TpAmb,1.0,0.4 ,"[0.2 ,0][0.4 ,0]",1.0 ,"[0.5 ,0][1.0 ,0]",1.0 ,"[1.0 ,0]",0,,0.15384615384615385 ,"[0.07692307692307693 ,0][0.15384615384615385 ,0]",1.0 ,"[0.5 ,0][1.0 ,0]",1.0 ,"[0.5 ,0][1.0 ,0]",
1,6_jnfe,br.com.jnfe.base.SitNFe,1.0,0.375 ,"[0.375 ,0]",1.0 ,"[1.0 ,0]",1.0 ,"[1.0 ,0]",1.0 ,"[1.0 ,0]",0.3333333333333333 ,"[0.26666666666666666 ,0][0.3333333333333333 ,0]",1.0 ,"[1.0 ,0]",1.0 ,"[1.0 ,0]",
1,6_jnfe,br.com.jnfe.base.TpDet,1.0,0.25 ,"[0.25 ,0]",1.0 ,"[1.0 ,0]",1.0 ,"[1.0 ,0]",1.0 ,"[1.0 ,0]",0.2727272727272727 ,"[0.2727272727272727 ,0]",1.0 ,"[1.0 ,0]",1.0 ,"[1.0 ,0]",
1,6_jnfe,br.com.jnfe.base.TpImp,1.0,0.25 ,"[0.25 ,0]",1.0 ,"[1.0 ,0]",1.0 ,"[1.0 ,0]",0,,0.125 ,"[0.125 ,0]",1.0 ,"[1.0 ,0]",1.0 ,"[1.0 ,0]",
1,6_jnfe,br.com.jnfe.base.TpVeiculo,1.0,0.25 ,"[0.25 ,0]",1.0 ,"[1.0 ,0]",1.0 ,"[1.0 ,0]",0,,0.125 ,"[0.125 ,0]",1.0 ,"[1.0 ,0]",1.0 ,"[1.0 ,0]",
1,6_jnfe,br.com.jnfe.base.TpServico,1.0,0.25 ,"[0.25 ,0]",1.0 ,"[1.0 ,0]",1.0 ,"[1.0 ,0]",0,,0.18181818181818182 ,"[0.18181818181818182 ,0]",1.0 ,"[1.0 ,0]",1.0 ,"[1.0 ,0]",
1,6_jnfe,br.com.jnfe.base.TpNF,1.0,0.25 ,"[0.25 ,0]",1.0 ,"[1.0 ,0]",1.0 ,"[1.0 ,0]",0,,0.125 ,"[0.125 ,0]",1.0 ,"[1.0 ,0]",1.0 ,"[1.0 ,0]",
1,6_jnfe,br.com.jnfe.base.TProvince,1.0,1.0 ,"[1.0 ,0]",1.0 ,"[1.0 ,0]",1.0 ,"[1.0 ,0]",1.0 ,"[1.0 ,0]",0.7777777777777778 ,"[0.7777777777777778 ,0]",1.0 ,"[1.0 ,0]",1.0 ,"[1.0 ,0]",
1,6_jnfe,br.com.jnfe.base.TpEmis,1.0,0.25 ,"[0.25 ,0]",1.0 ,"[1.0 ,0]",1.0 ,"[1.0 ,0]",0,,0.125 ,"[0.125 ,0]",1.0 ,"[1.0 ,0]",1.0 ,"[1.0 ,0]",
1,6_jnfe,br.com.jnfe.base.TpSerie,1.0,0.6 ,"[0.6 ,0]",1.0 ,"[1.0 ,0]",1.0 ,"[1.0 ,0]",0.9722222222222222 ,"[0.9722222222222222 ,0]",0.2608695652173913 ,"[0.21739130434782608 ,0][0.2608695652173913 ,0]",1.0 ,"[1.0 ,0]",1.0 ,"[1.0 ,0]",
1,6_jnfe,br.com.jnfe.base.TpObsNFe,1.0,0.25 ,"[0.25 ,0]",1.0 ,"[1.0 ,0]",1.0 ,"[1.0 ,0]",0,,0.125 ,"[0.125 ,0]",1.0 ,"[1.0 ,0]",1.0 ,"[1.0 ,0]",
1,6_jnfe,br.com.jnfe.base.TUFs,1.0,1.0 ,"[1.0 ,0]",1.0 ,"[1.0 ,0]",1.0 ,"[1.0 ,0]",1.0 ,"[1.0 ,0]",0.5 ,"[0.5 ,0]",1.0 ,"[1.0 ,0]",1.0 ,"[1.0 ,0]",
1,6_jnfe,br.com.jnfe.base.UF,1.0,0.6 ,"[0.6 ,0]",1.0 ,"[1.0 ,0]",1.0 ,"[1.0 ,0]",0.9672131147540983 ,"[0.9508196721311475 ,0][0.9672131147540983 ,0]",0.3076923076923077 ,"[0.3076923076923077 ,0]",1.0 ,"[1.0 ,0]",1.0 ,"[1.0 ,0]",
1,6_jnfe,br.com.jnfe.base.adapter.AbstractNFeAdapter,1.0,0,,0,,0,,0,,0,,0,,0,,
1,6_jnfe,br.com.jnfe.base.adapter.dom.AbstractNFeDOMAdapter,1.0,0,,0,,0,,0,,0,,0,,0,,
1,6_jnfe,br.com.jnfe.base.service.DOMNFeKeyInfoBuilder,1.0,0.625 ,"[0.625 ,0]",1.0 ,"[1.0 ,0]",1.0 ,"[1.0 ,0]",0,,0,,1.0 ,"[1.0 ,0]",1.0 ,"[1.0 ,0]",
1,6_jnfe,br.com.jnfe.base.service.DOMNFeSignatureHandler,1.0,0.8947368421052632 ,"[0.3157894736842105 ,0][0.8947368421052632 ,0]",0.7272727272727273 ,"[0.2727272727272727 ,0][0.7272727272727273 ,0]",1.0 ,"[1.0 ,0]",0.7241379310344828 ,"[0.7241379310344828 ,0]",0,,1.0 ,"[0.75 ,0][1.0 ,0]",0.7272727272727273 ,"[0.2727272727272727 ,0][0.7272727272727273 ,0]",
1,6_jnfe,br.com.jnfe.base.service.NFeCalculatorImpl,1.0,0.5333333333333333 ,"[0.2222222222222222 ,0][0.4222222222222222 ,0][0.5111111111111111 ,0][0.5333333333333333 ,0]",0.6666666666666666 ,"[0.2777777777777778 ,0][0.5555555555555556 ,0][0.6666666666666666 ,0]",1.0 ,"[1.0 ,0]",0.6896551724137931 ,"[0.06896551724137931 ,0][0.27586206896551724 ,0][0.6896551724137931 ,0]",0.42857142857142855 ,"[0.04081632653061224 ,0][0.12244897959183673 ,0][0.16326530612244897 ,0][0.20408163265306123 ,0][0.24489795918367346 ,0][0.2857142857142857 ,0][0.32653061224489793 ,0][0.3673469387755102 ,0][0.40816326530612246 ,0][0.42857142857142855 ,0]",0.6666666666666666 ,"[0.4444444444444444 ,0][0.5555555555555556 ,0][0.6666666666666666 ,0]",0.6666666666666666 ,"[0.2777777777777778 ,0][0.3888888888888889 ,0][0.4444444444444444 ,0][0.6111111111111112 ,0][0.6666666666666666 ,0]",
1,8_gfarcegestionfa,fr.unice.gfarce.interGraph.QuitterAction,1.0,0.75 ,"[0.75 ,0]",1.0 ,"[1.0 ,0]",1.0 ,"[1.0 ,0]",1.0 ,"[1.0 ,0]",0,,1.0 ,"[1.0 ,0]",1.0 ,"[1.0 ,0]",
1,8_gfarcegestionfa,fr.unice.gfarce.interGraph.SharedListSelectionHandlerEtu,1.0,0.13333333333333333 ,"[0.13333333333333333 ,0]",0.3333333333333333 ,"[0.3333333333333333 ,0]",1.0 ,"[1.0 ,0]",0,,0,,0.5 ,"[0.5 ,0]",0.3333333333333333 ,"[0.3333333333333333 ,0]",
1,8_gfarcegestionfa,fr.unice.gfarce.interGraph.SupprFormationAction,1.0,0.3333333333333333 ,"[0.26666666666666666 ,0][0.3333333333333333 ,0]",1.0 ,"[0.5 ,0][1.0 ,0]",1.0 ,"[0.5 ,0][1.0 ,0]",0,,0,,1.0 ,"[0.5 ,0][1.0 ,0]",1.0 ,"[0.5 ,0][1.0 ,0]",
1,8_gfarcegestionfa,fr.unice.gfarce.interGraph.ExportExelAction,1.0,0.9 ,"[0.8 ,0][0.9 ,0]",1.0 ,"[1.0 ,0]",1.0 ,"[1.0 ,0]",1.0 ,"[1.0 ,0]",0,,1.0 ,"[1.0 ,0]",1.0 ,"[1.0 ,0]",
1,8_gfarcegestionfa,fr.unice.gfarce.interGraph.SupprRespAction,1.0,0.35294117647058826 ,"[0.35294117647058826 ,0]",1.0 ,"[1.0 ,0]",1.0 ,"[1.0 ,0]",0.03571428571428571 ,"[0.03571428571428571 ,0]",0,,1.0 ,"[1.0 ,0]",1.0 ,"[1.0 ,0]",
1,8_gfarcegestionfa,fr.unice.gfarce.interGraph.ChoixDB4O,1.0,0,,0.1 ,"[0.1 ,0]",1.0 ,"[1.0 ,0]",0,,0,,0.3333333333333333 ,"[0.3333333333333333 ,0]",0,,
1,8_gfarcegestionfa,fr.unice.gfarce.interGraph.AProposAction,1.0,0.8 ,"[0.8 ,0]",1.0 ,"[1.0 ,0]",1.0 ,"[1.0 ,0]",1.0 ,"[1.0 ,0]",0,,1.0 ,"[1.0 ,0]",1.0 ,"[1.0 ,0]",
1,8_gfarcegestionfa,fr.unice.gfarce.interGraph.TableStockage,1.0,1.0 ,"[0.9024390243902439 ,0][0.926829268292683 ,0][1.0 ,0]",1.0 ,"[0.8888888888888888 ,0][0.9259259259259259 ,0][1.0 ,0]",1.0 ,"[1.0 ,0]",0.9714285714285714 ,"[0.6 ,0][0.7142857142857143 ,0][0.9714285714285714 ,0]",0.59375 ,"[0.4375 ,0][0.53125 ,0][0.5625 ,0][0.59375 ,0]",1.0 ,"[1.0 ,0]",1.0 ,"[0.8888888888888888 ,0][0.9259259259259259 ,0][1.0 ,0]",
1,8_gfarcegestionfa,fr.unice.gfarce.interGraph.FenetreChoix,1.0,0,,0.2 ,"[0.2 ,0]",1.0 ,"[1.0 ,0]",0,,0,,0.5 ,"[0.5 ,0]",0,,
1,8_gfarcegestionfa,fr.unice.gfarce.interGraph.ModifierFormationAction,1.0,0.5555555555555556 ,"[0.4444444444444444 ,0][0.5555555555555556 ,0]",1.0 ,"[0.5 ,0][1.0 ,0]",1.0 ,"[0.5 ,0][1.0 ,0]",0.25 ,"[0.25 ,0]",0,,1.0 ,"[0.5 ,0][1.0 ,0]",1.0 ,"[0.5 ,0][1.0 ,0]",
1,8_gfarcegestionfa,fr.unice.gfarce.interGraph.CreerUnEtudiantAction,1.0,0.07462686567164178 ,"[0.05970149253731343 ,0][0.07462686567164178 ,0]",0.03225806451612903 ,"[0.03225806451612903 ,0]",1.0 ,"[0.5 ,0][1.0 ,0]",0,,0,,0.5 ,"[0.5 ,0]",0.03225806451612903 ,"[0.03225806451612903 ,0]",
1,8_gfarcegestionfa,fr.unice.gfarce.interGraph.ModifierRespAction,1.0,0.5 ,"[0.4 ,0][0.5 ,0]",1.0 ,"[0.5 ,0][1.0 ,0]",1.0 ,"[0.5 ,0][1.0 ,0]",0.2 ,"[0.2 ,0]",0,,1.0 ,"[0.5 ,0][1.0 ,0]",1.0 ,"[0.5 ,0][1.0 ,0]",
1,8_gfarcegestionfa,fr.unice.gfarce.interGraph.SharedListSelectionHandlerResp,1.0,0.2222222222222222 ,"[0.2222222222222222 ,0]",0.3333333333333333 ,"[0.3333333333333333 ,0]",1.0 ,"[1.0 ,0]",0,,0,,0.5 ,"[0.5 ,0]",0.3333333333333333 ,"[0.3333333333333333 ,0]",
1,8_gfarcegestionfa,fr.unice.gfarce.interGraph.CreerUneFormationAction,1.0,0.17647058823529413 ,"[0.11764705882352941 ,0][0.17647058823529413 ,0]",0.058823529411764705 ,"[0.058823529411764705 ,0]",1.0 ,"[0.5 ,0][1.0 ,0]",0.007751937984496124 ,"[0.007751937984496124 ,0]",0,,0.5 ,"[0.5 ,0]",0.058823529411764705 ,"[0.058823529411764705 ,0]",
1,8_gfarcegestionfa,fr.unice.gfarce.interGraph.EnvoiRespAction,1.0,0.15625 ,"[0.15625 ,0]",1.0 ,"[1.0 ,0]",1.0 ,"[1.0 ,0]",0,,0,,1.0 ,"[1.0 ,0]",1.0 ,"[1.0 ,0]",
1,8_gfarcegestionfa,fr.unice.gfarce.interGraph.FenetrePrincipale,1.0,0.00984251968503937 ,"[0.001968503937007874 ,0][0.007874015748031496 ,0][0.00984251968503937 ,0]",0.043478260869565216 ,"[0.014492753623188406 ,0][0.028985507246376812 ,0][0.043478260869565216 ,0]",1.0 ,"[1.0 ,0]",0.0025940337224383916 ,"[0.0025940337224383916 ,0]",0.011560693641618497 ,"[0.005780346820809248 ,0][0.011560693641618497 ,0]",0.08333333333333333 ,"[0.041666666666666664 ,0][0.08333333333333333 ,0]",0.028985507246376812 ,"[0.014492753623188406 ,0][0.028985507246376812 ,0]",
1,8_gfarcegestionfa,fr.unice.gfarce.interGraph.ChargeImageAction,1.0,0.3333333333333333 ,"[0.3333333333333333 ,0]",0.2 ,"[0.2 ,0]",1.0 ,"[1.0 ,0]",0.05333333333333334 ,"[0.05333333333333334 ,0]",0,,0.5 ,"[0.5 ,0]",0.2 ,"[0.2 ,0]",
1,8_gfarcegestionfa,fr.unice.gfarce.interGraph.SimpleTableDemo,1.0,0,,0,,1.0 ,"[1.0 ,0]",0,,0,,0,,0,,
1,8_gfarcegestionfa,fr.unice.gfarce.interGraph.SharedListSelectionHandlerFormation,1.0,0.14814814814814814 ,"[0.14814814814814814 ,0]",0.2857142857142857 ,"[0.2857142857142857 ,0]",1.0 ,"[1.0 ,0]",0.1320754716981132 ,"[0.1320754716981132 ,0]",0,,1.0 ,"[1.0 ,0]",0.2857142857142857 ,"[0.2857142857142857 ,0]",
1,8_gfarcegestionfa,fr.unice.gfarce.interGraph.ChargeBaseAction,1.0,0.5 ,"[0.3 ,0][0.5 ,0]",1.0 ,"[0.5 ,0][1.0 ,0]",1.0 ,"[0.5 ,0][1.0 ,0]",0,,0,,1.0 ,"[0.5 ,0][1.0 ,0]",1.0 ,"[0.5 ,0][1.0 ,0]",
1,8_gfarcegestionfa,fr.unice.gfarce.interGraph.SupprimeEtuAction,1.0,0.17647058823529413 ,"[0.11764705882352941 ,0][0.14705882352941177 ,0][0.17647058823529413 ,0]",1.0 ,"[0.5 ,0][1.0 ,0]",1.0 ,"[0.5 ,0][1.0 ,0]",0,,0,,1.0 ,"[0.5 ,0][1.0 ,0]",1.0 ,"[0.5 ,0][1.0 ,0]",
1,8_gfarcegestionfa,fr.unice.gfarce.interGraph.CreationFormateurAction,1.0,0.21428571428571427 ,"[0.14285714285714285 ,0][0.21428571428571427 ,0]",0.1111111111111111 ,"[0.1111111111111111 ,0]",1.0 ,"[0.5 ,0][1.0 ,0]",0.005988023952095809 ,"[0.005988023952095809 ,0]",0,,0.5 ,"[0.5 ,0]",0.1111111111111111 ,"[0.1111111111111111 ,0]",
1,8_gfarcegestionfa,fr.unice.gfarce.interGraph.EnvoiAcceptBourseAction,1.0,0.06349206349206349 ,"[0.047619047619047616 ,0][0.06349206349206349 ,0]",0.2 ,"[0.2 ,0]",1.0 ,"[0.5 ,0][1.0 ,0]",0,,0,,0.5 ,"[0.5 ,0]",0.2 ,"[0.2 ,0]",
1,8_gfarcegestionfa,fr.unice.gfarce.interGraph.ModifTableStockage,1.0,0.29891304347826086 ,"[0.021739130434782608 ,0][0.05434782608695652 ,0][0.14130434782608695 ,0][0.21739130434782608 ,0][0.2608695652173913 ,0][0.29891304347826086 ,0]",0.22764227642276422 ,"[0.008130081300813009 ,0][0.024390243902439025 ,0][0.06504065040650407 ,0][0.13008130081300814 ,0][0.17886178861788618 ,0][0.22764227642276422 ,0]",1.0 ,"[1.0 ,0]",0.3272519954389966 ,"[0.009122006841505131 ,0][0.10148232611174458 ,0][0.19384264538198404 ,0][0.26225769669327254 ,0][0.31927023945267957 ,0][0.3204104903078677 ,0][0.3272519954389966 ,0]",0.14285714285714285 ,"[0.03571428571428571 ,0][0.10714285714285714 ,0][0.14285714285714285 ,0]",0.7777777777777778 ,"[0.1111111111111111 ,0][0.2222222222222222 ,0][0.5555555555555556 ,0][0.6666666666666666 ,0][0.7777777777777778 ,0]",0.22764227642276422 ,"[0.008130081300813009 ,0][0.024390243902439025 ,0][0.06504065040650407 ,0][0.13008130081300814 ,0][0.17886178861788618 ,0][0.22764227642276422 ,0]",
1,8_gfarcegestionfa,fr.unice.gfarce.interGraph.MonFiltre,1.0,1.0 ,"[1.0 ,0]",1.0 ,"[0.8125 ,0][0.875 ,0][0.9375 ,0][1.0 ,0]",1.0 ,"[1.0 ,0]",0.9516129032258065 ,"[0.8870967741935484 ,0][0.9032258064516129 ,0][0.9193548387096774 ,0][0.9354838709677419 ,0][0.9516129032258065 ,0]",1.0 ,"[0.8571428571428571 ,0][1.0 ,0]",1.0 ,"[1.0 ,0]",1.0 ,"[0.8125 ,0][0.875 ,0][0.9375 ,0][1.0 ,0]",
1,8_gfarcegestionfa,fr.unice.gfarce.interGraph.Zmodel,1.0,1.0 ,"[0.6578947368421053 ,0][0.9210526315789473 ,0][1.0 ,0]",1.0 ,"[0.7058823529411765 ,0][0.9411764705882353 ,0][1.0 ,0]",1.0 ,"[1.0 ,0]",0.9602649006622517 ,"[0.5364238410596026 ,0][0.8543046357615894 ,0][0.9602649006622517 ,0]",0.7692307692307693 ,"[0.23076923076923078 ,0][0.46153846153846156 ,0][0.5384615384615384 ,0][0.6153846153846154 ,0][0.6923076923076923 ,0][0.7692307692307693 ,0]",1.0 ,"[0.9 ,0][1.0 ,0]",1.0 ,"[0.7058823529411765 ,0][0.9411764705882353 ,0][1.0 ,0]",
1,8_gfarcegestionfa,fr.unice.gfarce.interGraph.EnvoiFormationAction,1.0,0.25 ,"[0.16666666666666666 ,0][0.20833333333333334 ,0][0.25 ,0]",0.3333333333333333 ,"[0.3333333333333333 ,0]",1.0 ,"[0.5 ,0][1.0 ,0]",0.006756756756756757 ,"[0.006756756756756757 ,0]",0,,0.5 ,"[0.5 ,0]",0.3333333333333333 ,"[0.3333333333333333 ,0]",
1,8_gfarcegestionfa,fr.unice.gfarce.interGraph.ModificationEtuAction,1.0,0.3125 ,"[0.3125 ,0]",1.0 ,"[1.0 ,0]",1.0 ,"[1.0 ,0]",0.09090909090909091 ,"[0.09090909090909091 ,0]",0,,1.0 ,"[1.0 ,0]",1.0 ,"[1.0 ,0]",
1,8_gfarcegestionfa,fr.unice.gfarce.interGraph.ChoixJPA,1.0,0,,0.047619047619047616 ,"[0.047619047619047616 ,0]",1.0 ,"[1.0 ,0]",0,,0,,0.5 ,"[0.5 ,0]",0,,
1,11_imsmart,com.imsmart.misc.MDate,1.0,1.0 ,"[0.8888888888888888 ,0][1.0 ,0]",1.0 ,"[1.0 ,0]",1.0 ,"[1.0 ,0]",1.0 ,"[1.0 ,0]",0.625 ,"[0.5 ,0][0.625 ,0]",1.0 ,"[1.0 ,0]",1.0 ,"[1.0 ,0]",
1,11_imsmart,com.imsmart.misc.MLog,1.0,1.0 ,"[0.9047619047619048 ,0][1.0 ,0]",1.0 ,"[1.0 ,0]",1.0 ,"[1.0 ,0]",1.0 ,"[1.0 ,0]",0.5 ,"[0.5 ,0]",1.0 ,"[1.0 ,0]",1.0 ,"[1.0 ,0]",
1,11_imsmart,com.imsmart.misc.MProperties,1.0,1.0 ,"[0.9166666666666666 ,0][1.0 ,0]",1.0 ,"[1.0 ,0]",1.0 ,"[1.0 ,0]",1.0 ,"[1.0 ,0]",0.8 ,"[0.4 ,0][0.6 ,0][0.8 ,0]",1.0 ,"[1.0 ,0]",1.0 ,"[1.0 ,0]",
1,13_jdbacl,org.databene.jdbacl.identity.InvalidIdentityDefinitionError,1.0,1.0 ,"[1.0 ,0]",1.0 ,"[1.0 ,0]",1.0 ,"[1.0 ,0]",0,,0,,1.0 ,"[1.0 ,0]",1.0 ,"[1.0 ,0]",
1,13_jdbacl,org.databene.jdbacl.identity.NKBuilder,1.0,1.0 ,"[1.0 ,0]",1.0 ,"[1.0 ,0]",1.0 ,"[1.0 ,0]",1.0 ,"[1.0 ,0]",0.6666666666666666 ,"[0.6666666666666666 ,0]",1.0 ,"[1.0 ,0]",1.0 ,"[1.0 ,0]",
1,13_jdbacl,org.databene.jdbacl.DBExecutionResult,1.0,1.0 ,"[1.0 ,0]",1.0 ,"[1.0 ,0]",1.0 ,"[1.0 ,0]",0,,0,,1.0 ,"[1.0 ,0]",1.0 ,"[1.0 ,0]",
1,13_jdbacl,org.databene.jdbacl.identity.mem.GlobalRowId,1.0,0.2222222222222222 ,"[0.2222222222222222 ,0]",0.05555555555555555 ,"[0.05555555555555555 ,0]",1.0 ,"[1.0 ,0]",0,,0,,0.25 ,"[0.25 ,0]",0.05555555555555555 ,"[0.05555555555555555 ,0]",
1,13_jdbacl,org.databene.jdbacl.DatabaseTestUtil,1.0,0.3333333333333333 ,"[0.3333333333333333 ,0]",0.3333333333333333 ,"[0.3333333333333333 ,0]",1.0 ,"[1.0 ,0]",0,,0,,0.5 ,"[0.5 ,0]",0.3333333333333333 ,"[0.3333333333333333 ,0]",
1,13_jdbacl,org.databene.jdbacl.swing.TextFieldValueProvider,1.0,1.0 ,"[1.0 ,0]",1.0 ,"[1.0 ,0]",1.0 ,"[1.0 ,0]",0,,0,,1.0 ,"[1.0 ,0]",1.0 ,"[1.0 ,0]",
1,13_jdbacl,org.databene.jdbacl.swing.DatabaseTree,1.0,0,,1.0 ,"[1.0 ,0]",1.0 ,"[1.0 ,0]",0,,0,,1.0 ,"[1.0 ,0]",0,,
1,13_jdbacl,org.databene.jdbacl.JDBCConnectData,1.0,0.7333333333333333 ,"[0.7333333333333333 ,0]",1.0 ,"[1.0 ,0]",1.0 ,"[1.0 ,0]",0,,0,,1.0 ,"[1.0 ,0]",1.0 ,"[1.0 ,0]",
1,13_jdbacl,org.databene.jdbacl.swing.EnvironmentSelector,1.0,0.125 ,"[0.125 ,0]",0.1 ,"[0.1 ,0]",1.0 ,"[1.0 ,0]",0,,0,,0.14285714285714285 ,"[0.14285714285714285 ,0]",0,,
1,13_jdbacl,org.databene.jdbacl.ColumnInfo,1.0,1.0 ,"[1.0 ,0]",1.0 ,"[1.0 ,0]",1.0 ,"[1.0 ,0]",1.0 ,"[1.0 ,0]",0.3333333333333333 ,"[0.3333333333333333 ,0]",1.0 ,"[1.0 ,0]",1.0 ,"[1.0 ,0]",
1,13_jdbacl,org.databene.jdbacl.model.jdbc.DBIndexInfo,1.0,1.0 ,"[0.9047619047619048 ,0][0.9523809523809523 ,0][1.0 ,0]",1.0 ,"[0.6666666666666666 ,0][0.8888888888888888 ,0][1.0 ,0]",1.0 ,"[1.0 ,0]",0.9516129032258065 ,"[0.6290322580645161 ,0][0.8709677419354839 ,0][0.9193548387096774 ,0][0.9516129032258065 ,0]",0,,1.0 ,"[1.0 ,0]",1.0 ,"[0.6666666666666666 ,0][0.8888888888888888 ,0][1.0 ,0]",
1,12_dsachat,dsachat.gm.gui.ValueHolder,1.0,1.0 ,"[1.0 ,0]",1.0 ,"[1.0 ,0]",1.0 ,"[1.0 ,0]",0,,1.0 ,"[1.0 ,0]",1.0 ,"[1.0 ,0]",1.0 ,"[1.0 ,0]",
1,13_jdbacl,org.databene.jdbacl.ResultsWithMetadata,1.0,1.0 ,"[1.0 ,0]",1.0 ,"[1.0 ,0]",1.0 ,"[1.0 ,0]",0,,1.0 ,"[1.0 ,0]",1.0 ,"[1.0 ,0]",1.0 ,"[1.0 ,0]",
1,13_jdbacl,org.databene.jdbacl.SQLScriptException,1.0,1.0 ,"[1.0 ,0]",1.0 ,"[1.0 ,0]",1.0 ,"[1.0 ,0]",1.0 ,"[1.0 ,0]",0.7 ,"[0.7 ,0]",1.0 ,"[1.0 ,0]",1.0 ,"[1.0 ,0]",
1,13_jdbacl,org.databene.jdbacl.sql.parser.SQLLexer,1.0,0,,0,,0,,0,,0,,0,,0,,
1,13_jdbacl,org.databene.jdbacl.sql.parser.ANTLRNoCaseFileStream,1.0,0.8666666666666667 ,"[0.26666666666666666 ,0][0.8666666666666667 ,0]",1.0 ,"[0.3333333333333333 ,0][1.0 ,0]",1.0 ,"[1.0 ,0]",0.9833333333333333 ,"[0.9833333333333333 ,0]",0.3333333333333333 ,"[0.3333333333333333 ,0]",1.0 ,"[0.75 ,0][1.0 ,0]",1.0 ,"[0.2222222222222222 ,0][1.0 ,0]",
1,13_jdbacl,org.databene.jdbacl.sql.parser.ANTLRNoCaseStringStream,1.0,1.0 ,"[1.0 ,0]",1.0 ,"[1.0 ,0]",1.0 ,"[1.0 ,0]",0.9833333333333333 ,"[0.9666666666666667 ,0][0.9833333333333333 ,0]",0.7777777777777778 ,"[0.6666666666666666 ,0][0.7777777777777778 ,0]",1.0 ,"[1.0 ,0]",1.0 ,"[1.0 ,0]",
1,14_omjstate,uk.me.jockmacmad.jstate.state.InvalidMethodInStateException,1.0,1.0 ,"[1.0 ,0]",1.0 ,"[1.0 ,0]",1.0 ,"[1.0 ,0]",0,,0,,1.0 ,"[1.0 ,0]",1.0 ,"[1.0 ,0]",
1,14_omjstate,uk.me.jockmacmad.jstate.state.Transition,1.0,0.6 ,"[0.3 ,0][0.525 ,0][0.6 ,0]",0.3333333333333333 ,"[0.1 ,0][0.23333333333333334 ,0][0.3333333333333333 ,0]",1.0 ,"[1.0 ,0]",0.09375 ,"[0.03125 ,0][0.09375 ,0]",0.4 ,"[0.06666666666666667 ,0][0.3333333333333333 ,0][0.4 ,0]",0.8333333333333334 ,"[0.25 ,0][0.5833333333333334 ,0][0.8333333333333334 ,0]",0.3333333333333333 ,"[0.1 ,0][0.23333333333333334 ,0][0.3333333333333333 ,0]",
1,14_omjstate,uk.me.jockmacmad.jstate.state.StringMatchesGuardCondition,1.0,1.0 ,"[0.6428571428571429 ,0][0.9285714285714286 ,0][1.0 ,0]",1.0 ,"[0.6 ,0][0.8 ,0][1.0 ,0]",1.0 ,"[1.0 ,0]",0.8888888888888888 ,"[0.5555555555555556 ,0][0.6666666666666666 ,0][0.8888888888888888 ,0]",0.75 ,"[0.625 ,0][0.75 ,0]",1.0 ,"[0.75 ,0][1.0 ,0]",1.0 ,"[0.6 ,0][0.8 ,0][1.0 ,0]",
1,13_jdbacl,org.databene.jdbacl.sql.parser.SQLParser,1.0,0,,0,,0,,0,,0,,0,,0,,
1,14_omjstate,uk.me.jockmacmad.jstate.state.IntegerGreaterThanGuardCondition,1.0,0.8125 ,"[0.5625 ,0][0.8125 ,0]",1.0 ,"[0.5 ,0][1.0 ,0]",1.0 ,"[1.0 ,0]",1.0 ,"[0.5333333333333333 ,0][1.0 ,0]",1.0 ,"[0.8 ,0][1.0 ,0]",1.0 ,"[0.6666666666666666 ,0][1.0 ,0]",1.0 ,"[0.5 ,0][1.0 ,0]",
1,14_omjstate,uk.me.jockmacmad.jstate.state.MethodNotPresentException,1.0,1.0 ,"[1.0 ,0]",1.0 ,"[1.0 ,0]",1.0 ,"[1.0 ,0]",0,,0,,1.0 ,"[1.0 ,0]",1.0 ,"[1.0 ,0]",
1,14_omjstate,uk.me.jockmacmad.jstate.state.StateMachineNotCompleteException,1.0,1.0 ,"[1.0 ,0]",1.0 ,"[1.0 ,0]",1.0 ,"[1.0 ,0]",0,,0,,1.0 ,"[1.0 ,0]",1.0 ,"[1.0 ,0]",
1,14_omjstate,uk.me.jockmacmad.jstate.state.EndState,1.0,1.0 ,"[1.0 ,0]",1.0 ,"[1.0 ,0]",1.0 ,"[1.0 ,0]",1.0 ,"[1.0 ,0]",0.3333333333333333 ,"[0.3333333333333333 ,0]",1.0 ,"[1.0 ,0]",1.0 ,"[1.0 ,0]",
1,14_omjstate,uk.me.jockmacmad.jstate.state.Event,1.0,0.6666666666666666 ,"[0.6666666666666666 ,0]",1.0 ,"[1.0 ,0]",1.0 ,"[1.0 ,0]",0,,0.7142857142857143 ,"[0.5 ,0][0.6428571428571429 ,0][0.7142857142857143 ,0]",1.0 ,"[1.0 ,0]",1.0 ,"[1.0 ,0]",
1,14_omjstate,uk.me.jockmacmad.jstate.state.StateMachine,1.0,0.06666666666666667 ,"[0.06666666666666667 ,0]",0,,1.0 ,"[1.0 ,0]",0,,0,,0,,0,,
1,14_omjstate,uk.me.jockmacmad.jstate.state.StartState,1.0,0.7142857142857143 ,"[0.7142857142857143 ,0]",1.0 ,"[1.0 ,0]",1.0 ,"[1.0 ,0]",1.0 ,"[1.0 ,0]",0.3333333333333333 ,"[0.3333333333333333 ,0]",1.0 ,"[1.0 ,0]",1.0 ,"[1.0 ,0]",
1,14_omjstate,uk.me.jockmacmad.jstate.state.NonDeterministicException,1.0,1.0 ,"[1.0 ,0]",1.0 ,"[1.0 ,0]",1.0 ,"[1.0 ,0]",0,,0,,1.0 ,"[1.0 ,0]",1.0 ,"[1.0 ,0]",
1,15_beanbin,net.sourceforge.beanbin.reflect.ReflectionEngine,1.0,1.0 ,"[1.0 ,0]",1.0 ,"[1.0 ,0]",1.0 ,"[1.0 ,0]",0,,0.16666666666666666 ,"[0.16666666666666666 ,0]",1.0 ,"[1.0 ,0]",1.0 ,"[1.0 ,0]",
1,15_beanbin,net.sourceforge.beanbin.reflect.resolve.GetImplementationsFromJar,1.0,0.6428571428571429 ,"[0.6428571428571429 ,0]",0.2857142857142857 ,"[0.2857142857142857 ,0]",1.0 ,"[1.0 ,0]",0.25 ,"[0.25 ,0]",0.3333333333333333 ,"[0.3333333333333333 ,0]",1.0 ,"[1.0 ,0]",0.2857142857142857 ,"[0.2857142857142857 ,0]",
1,15_beanbin,net.sourceforge.beanbin.reflect.ReflectionCriteria,1.0,0.7647058823529411 ,"[0.7058823529411765 ,0][0.7647058823529411 ,0]",0.8333333333333334 ,"[0.75 ,0][0.8333333333333334 ,0]",1.0 ,"[1.0 ,0]",0.9090909090909091 ,"[0.9090909090909091 ,0]",0.5 ,"[0.4166666666666667 ,0][0.5 ,0]",0.75 ,"[0.75 ,0]",0.8333333333333334 ,"[0.75 ,0][0.8333333333333334 ,0]",
1,15_beanbin,net.sourceforge.beanbin.reflect.resolve.GetImplementations,1.0,0.6470588235294118 ,"[0.6470588235294118 ,0]",0.4 ,"[0.4 ,0]",1.0 ,"[1.0 ,0]",0.5714285714285714 ,"[0.5714285714285714 ,0]",0.4074074074074074 ,"[0.3333333333333333 ,0][0.37037037037037035 ,0][0.4074074074074074 ,0]",0.6 ,"[0.6 ,0]",0.4 ,"[0.4 ,0]",
1,15_beanbin,net.sourceforge.beanbin.reflect.resolve.GetImplementationsFromDir,1.0,1.0 ,"[0.8421052631578947 ,0][0.9473684210526315 ,0][1.0 ,0]",1.0 ,"[0.8 ,0][0.9 ,0][1.0 ,0]",1.0 ,"[1.0 ,0]",0.9090909090909091 ,"[0.7272727272727273 ,0][0.8181818181818182 ,0][0.9090909090909091 ,0]",0.3333333333333333 ,"[0.1111111111111111 ,0][0.3333333333333333 ,0]",1.0 ,"[1.0 ,0]",1.0 ,"[0.7 ,0][0.8 ,0][0.9 ,0][1.0 ,0]",
1,15_beanbin,net.sourceforge.beanbin.reflect.Resolver,1.0,0.30303030303030304 ,"[0.30303030303030304 ,0]",0.2 ,"[0.2 ,0]",1.0 ,"[1.0 ,0]",0.08333333333333333 ,"[0.08333333333333333 ,0]",0.3333333333333333 ,"[0.3333333333333333 ,0]",1.0 ,"[1.0 ,0]",0.2 ,"[0.2 ,0]",
1,15_beanbin,net.sourceforge.beanbin.reflect.ReflectionSearch,1.0,0.7169811320754716 ,"[0.7169811320754716 ,0]",0.6585365853658537 ,"[0.6585365853658537 ,0]",1.0 ,"[1.0 ,0]",0.37 ,"[0.37 ,0]",0.5625 ,"[0.5625 ,0]",1.0 ,"[1.0 ,0]",0.6585365853658537 ,"[0.6585365853658537 ,0]",
1,15_beanbin,net.sourceforge.beanbin.reflect.MethodReflectionCriteria,1.0,0.9016393442622951 ,"[0.4098360655737705 ,0][0.6721311475409836 ,0][0.8524590163934426 ,0][0.9016393442622951 ,0]",0.8297872340425532 ,"[0.3829787234042553 ,0][0.5957446808510638 ,0][0.7659574468085106 ,0][0.8297872340425532 ,0]",1.0 ,"[1.0 ,0]",0.9081632653061225 ,"[0.23469387755102042 ,0][0.6224489795918368 ,0][0.8979591836734694 ,0][0.9081632653061225 ,0]",0.6666666666666666 ,"[0.6666666666666666 ,0]",1.0 ,"[1.0 ,0]",0.8297872340425532 ,"[0.3829787234042553 ,0][0.574468085106383 ,0][0.7446808510638298 ,0][0.8297872340425532 ,0]",
1,15_beanbin,net.sourceforge.beanbin.reflect.ReflectionShelf,1.0,1.0 ,"[1.0 ,0]",1.0 ,"[1.0 ,0]",1.0 ,"[1.0 ,0]",1.0 ,"[1.0 ,0]",0.75 ,"[0.75 ,0]",1.0 ,"[1.0 ,0]",1.0 ,"[1.0 ,0]",
1,15_beanbin,net.sourceforge.beanbin.reflect.ReflectUtils,1.0,0.7142857142857143 ,"[0.7142857142857143 ,0]",0.5 ,"[0.5 ,0]",1.0 ,"[1.0 ,0]",0.5294117647058824 ,"[0.5294117647058824 ,0]",0.19230769230769232 ,"[0.19230769230769232 ,0]",1.0 ,"[1.0 ,0]",0.5 ,"[0.5 ,0]",
1,17_inspirento,com.allenstudio.ir.ui.calendar.DateChooser,1.0,0.24175824175824176 ,"[0.24175824175824176 ,0]",0.19230769230769232 ,"[0.19230769230769232 ,0]",1.0 ,"[1.0 ,0]",0.2468354430379747 ,"[0.2468354430379747 ,0]",0,,0.25 ,"[0.25 ,0]",0.19230769230769232 ,"[0.19230769230769232 ,0]",
1,17_inspirento,com.allenstudio.ir.ui.calendar.MonthlyCalendarModel,1.0,0.9230769230769231 ,"[0.9230769230769231 ,0]",0.7142857142857143 ,"[0.7142857142857143 ,0]",1.0 ,"[1.0 ,0]",0.9583333333333334 ,"[0.9583333333333334 ,0]",1.0 ,"[1.0 ,0]",1.0 ,"[1.0 ,0]",0.7142857142857143 ,"[0.7142857142857143 ,0]",
1,17_inspirento,com.allenstudio.ir.ui.NoteListsTabPane,1.0,0.034482758620689655 ,"[0.034482758620689655 ,0]",0.2857142857142857 ,"[0.2857142857142857 ,0]",1.0 ,"[1.0 ,0]",0.058823529411764705 ,"[0.058823529411764705 ,0]",0,,0.5 ,"[0.5 ,0]",0.14285714285714285 ,"[0.14285714285714285 ,0]",
1,17_inspirento,com.allenstudio.ir.ui.DefaultNoteListModel,1.0,0.7166666666666667 ,"[0.5166666666666667 ,0][0.6166666666666667 ,0][0.6333333333333333 ,0][0.6833333333333333 ,0][0.7166666666666667 ,0]",0.96875 ,"[0.65625 ,0][0.8125 ,0][0.84375 ,0][0.9375 ,0][0.96875 ,0]",1.0 ,"[1.0 ,0]",0.6835443037974683 ,"[0.5316455696202531 ,0][0.6455696202531646 ,0][0.6835443037974683 ,0]",0.11607142857142858 ,"[0.0625 ,0][0.08928571428571429 ,0][0.09821428571428571 ,0][0.10714285714285714 ,0][0.11607142857142858 ,0]",1.0 ,"[0.6774193548387096 ,0][0.8387096774193549 ,0][0.8709677419354839 ,0][0.967741935483871 ,0][1.0 ,0]",0.96875 ,"[0.65625 ,0][0.8125 ,0][0.84375 ,0][0.9375 ,0][0.96875 ,0]",
1,17_inspirento,com.allenstudio.ir.ui.StatusBar,1.0,0.45454545454545453 ,"[0.45454545454545453 ,0]",0.6666666666666666 ,"[0.6666666666666666 ,0]",1.0 ,"[1.0 ,0]",0.3333333333333333 ,"[0.3333333333333333 ,0]",0,,0.3333333333333333 ,"[0.3333333333333333 ,0]",0.6666666666666666 ,"[0.6666666666666666 ,0]",
1,17_inspirento,com.allenstudio.ir.ui.action.ActionsManager,1.0,0,,0,,0,,0,,0,,0,,0,,
1,17_inspirento,com.allenstudio.ir.ui.UIResources,1.0,1.0 ,"[1.0 ,0]",1.0 ,"[1.0 ,0]",1.0 ,"[1.0 ,0]",0,,0,,1.0 ,"[1.0 ,0]",1.0 ,"[1.0 ,0]",
1,18_jsecurity,org.jsecurity.crypto.hash.Md5Hash,1.0,1.0 ,"[1.0 ,0]",1.0 ,"[1.0 ,0]",1.0 ,"[1.0 ,0]",1.0 ,"[1.0 ,0]",0.42857142857142855 ,"[0.42857142857142855 ,0]",1.0 ,"[1.0 ,0]",1.0 ,"[1.0 ,0]",
1,18_jsecurity,org.jsecurity.crypto.hash.Sha256Hash,1.0,1.0 ,"[0.8666666666666667 ,0][1.0 ,0]",1.0 ,"[1.0 ,0]",1.0 ,"[1.0 ,0]",1.0 ,"[1.0 ,0]",0.42857142857142855 ,"[0.42857142857142855 ,0]",1.0 ,"[1.0 ,0]",1.0 ,"[0.8571428571428571 ,0][1.0 ,0]",
1,18_jsecurity,org.jsecurity.crypto.hash.Sha384Hash,1.0,1.0 ,"[1.0 ,0]",1.0 ,"[1.0 ,0]",1.0 ,"[1.0 ,0]",1.0 ,"[1.0 ,0]",0.42857142857142855 ,"[0.42857142857142855 ,0]",1.0 ,"[1.0 ,0]",1.0 ,"[1.0 ,0]",
1,18_jsecurity,org.jsecurity.crypto.hash.Sha512Hash,1.0,1.0 ,"[1.0 ,0]",1.0 ,"[1.0 ,0]",1.0 ,"[1.0 ,0]",1.0 ,"[1.0 ,0]",0.42857142857142855 ,"[0.42857142857142855 ,0]",1.0 ,"[1.0 ,0]",1.0 ,"[1.0 ,0]",
1,18_jsecurity,org.jsecurity.crypto.hash.Md2Hash,1.0,1.0 ,"[1.0 ,0]",1.0 ,"[1.0 ,0]",1.0 ,"[1.0 ,0]",1.0 ,"[1.0 ,0]",0.42857142857142855 ,"[0.42857142857142855 ,0]",1.0 ,"[1.0 ,0]",1.0 ,"[1.0 ,0]",
1,18_jsecurity,org.jsecurity.crypto.hash.AbstractHash,1.0,1.0 ,"[0.9245283018867925 ,0][1.0 ,0]",1.0 ,"[0.8181818181818182 ,0][1.0 ,0]",1.0 ,"[1.0 ,0]",1.0 ,"[0.92 ,0][1.0 ,0]",0.6 ,"[0.2 ,0][0.44 ,0][0.56 ,0][0.6 ,0]",1.0 ,"[0.8181818181818182 ,0][1.0 ,0]",1.0 ,"[0.7727272727272727 ,0][1.0 ,0]",
1,17_inspirento,com.allenstudio.ir.ui.Toolbar,1.0,0,,0.14285714285714285 ,"[0.14285714285714285 ,0]",1.0 ,"[1.0 ,0]",0,,0,,1.0 ,"[1.0 ,0]",0,,
1,17_inspirento,com.allenstudio.ir.ui.MainMenu,1.0,0,,0,,1.0 ,"[1.0 ,0]",0,,0,,0,,0,,
1,18_jsecurity,org.jsecurity.crypto.hash.Sha1Hash,1.0,1.0 ,"[1.0 ,0]",1.0 ,"[1.0 ,0]",1.0 ,"[1.0 ,0]",1.0 ,"[1.0 ,0]",0.42857142857142855 ,"[0.42857142857142855 ,0]",1.0 ,"[1.0 ,0]",1.0 ,"[1.0 ,0]",
1,19_jmca,com.soops.CEN4010.JMCA.JMCAView,1.0,0.03225806451612903 ,"[0.03225806451612903 ,0]",0.045454545454545456 ,"[0.045454545454545456 ,0]",1.0 ,"[1.0 ,0]",0,,0,,0.1111111111111111 ,"[0.1111111111111111 ,0]",0.045454545454545456 ,"[0.045454545454545456 ,0]",
1,19_jmca,com.soops.CEN4010.JMCA.JMCAController,1.0,0.5 ,"[0.29411764705882354 ,0][0.4411764705882353 ,0][0.5 ,0]",0.5 ,"[0.375 ,0][0.4375 ,0][0.5 ,0]",1.0 ,"[1.0 ,0]",0.06329113924050633 ,"[0.05063291139240506 ,0][0.06329113924050633 ,0]",0.3333333333333333 ,"[0.3333333333333333 ,0]",1.0 ,"[1.0 ,0]",0.5 ,"[0.375 ,0][0.4375 ,0][0.5 ,0]",
1,19_jmca,com.soops.CEN4010.JMCA.ASTNode,1.0,0.8974358974358975 ,"[0.7051282051282052 ,0][0.7307692307692307 ,0][0.7564102564102564 ,0][0.782051282051282 ,0][0.8205128205128205 ,0][0.8589743589743589 ,0][0.8717948717948718 ,0][0.8974358974358975 ,0]",0.9583333333333334 ,"[0.625 ,0][0.7083333333333334 ,0][0.7916666666666666 ,0][0.8333333333333334 ,0][0.875 ,0][0.9583333333333334 ,0]",1.0 ,"[1.0 ,0]",0.9230769230769231 ,"[0.41025641025641024 ,0][0.4230769230769231 ,0][0.47435897435897434 ,0][0.5641025641025641 ,0][0.7692307692307693 ,0][0.8717948717948718 ,0][0.9102564102564102 ,0][0.9230769230769231 ,0]",0.7222222222222222 ,"[0.4444444444444444 ,0][0.6111111111111112 ,0][0.6666666666666666 ,0][0.7222222222222222 ,0]",1.0 ,"[0.9333333333333333 ,0][1.0 ,0]",0.9583333333333334 ,"[0.625 ,0][0.7083333333333334 ,0][0.7916666666666666 ,0][0.8333333333333334 ,0][0.875 ,0][0.9583333333333334 ,0]",
1,19_jmca,com.soops.CEN4010.JMCA.JParser.TestJava,1.0,0.9375 ,"[0.8125 ,0][0.9375 ,0]",0.9090909090909091 ,"[0.6363636363636364 ,0][0.9090909090909091 ,0]",1.0 ,"[1.0 ,0]",0.918918918918919 ,"[0.7297297297297297 ,0][0.918918918918919 ,0]",0,,1.0 ,"[1.0 ,0]",0.9090909090909091 ,"[0.6363636363636364 ,0][0.9090909090909091 ,0]",
1,19_jmca,com.soops.CEN4010.JMCA.JParser.JJTJavaParserState,1.0,1.0 ,"[0.6666666666666666 ,0][0.7037037037037037 ,0][0.8148148148148148 ,0][0.9259259259259259 ,0][0.9444444444444444 ,0][1.0 ,0]",1.0 ,"[0.7222222222222222 ,0][0.7777777777777778 ,0][0.8888888888888888 ,0][1.0 ,0]",1.0 ,"[1.0 ,0]",0.9761904761904762 ,"[0.5595238095238095 ,0][0.5714285714285714 ,0][0.7857142857142857 ,0][0.8690476190476191 ,0][0.8928571428571429 ,0][0.9523809523809523 ,0][0.9761904761904762 ,0]",0.7647058823529411 ,"[0.058823529411764705 ,0][0.17647058823529413 ,0][0.4117647058823529 ,0][0.47058823529411764 ,0][0.5294117647058824 ,0][0.7058823529411765 ,0][0.7647058823529411 ,0]",1.0 ,"[0.8333333333333334 ,0][0.9166666666666666 ,0][1.0 ,0]",1.0 ,"[0.7222222222222222 ,0][0.7777777777777778 ,0][0.8888888888888888 ,0][1.0 ,0]",
1,19_jmca,com.soops.CEN4010.JMCA.JParser.TokenMgrError,1.0,1.0 ,"[0.7027027027027027 ,0][0.7567567567567568 ,0][0.8108108108108109 ,0][0.8648648648648649 ,0][0.9459459459459459 ,0][1.0 ,0]",1.0 ,"[0.78125 ,0][0.8125 ,0][0.84375 ,0][0.875 ,0][0.90625 ,0][0.96875 ,0][1.0 ,0]",1.0 ,"[1.0 ,0]",0.989010989010989 ,"[0.9230769230769231 ,0][0.9340659340659341 ,0][0.945054945054945 ,0][0.9560439560439561 ,0][0.967032967032967 ,0][0.978021978021978 ,0][0.989010989010989 ,0]",0.6666666666666666 ,"[0.6666666666666666 ,0]",1.0 ,"[1.0 ,0]",1.0 ,"[0.78125 ,0][0.8125 ,0][0.84375 ,0][0.875 ,0][0.90625 ,0][0.96875 ,0][1.0 ,0]",
1,19_jmca,com.soops.CEN4010.JMCA.JParser.JavaCharStream,1.0,0.7933884297520661 ,"[0.5330578512396694 ,0][0.6487603305785123 ,0][0.6735537190082644 ,0][0.731404958677686 ,0][0.7355371900826446 ,0][0.7479338842975206 ,0][0.7603305785123967 ,0][0.768595041322314 ,0][0.7851239669421488 ,0][0.7892561983471075 ,0][0.7933884297520661 ,0]",0.8379629629629629 ,"[0.5 ,0][0.5509259259259259 ,0][0.5925925925925926 ,0][0.6898148148148148 ,0][0.6990740740740741 ,0][0.7268518518518519 ,0][0.7638888888888888 ,0][0.7824074074074074 ,0][0.7870370370370371 ,0][0.8055555555555556 ,0][0.8101851851851852 ,0][0.8287037037037037 ,0][0.8333333333333334 ,0][0.8379629629629629 ,0]",1.0 ,"[1.0 ,0]",0.8860369609856262 ,"[0.4342915811088296 ,0][0.6149897330595483 ,0][0.6529774127310062 ,0][0.7679671457905544 ,0][0.7782340862422998 ,0][0.7936344969199178 ,0][0.8182751540041068 ,0][0.8193018480492813 ,0][0.8203285420944558 ,0][0.8264887063655031 ,0][0.8275154004106776 ,0][0.8624229979466119 ,0][0.8675564681724846 ,0][0.8860369609856262 ,0]",0.7222222222222222 ,"[0.1111111111111111 ,0][0.25 ,0][0.3611111111111111 ,0][0.3888888888888889 ,0][0.4166666666666667 ,0][0.4444444444444444 ,0][0.5833333333333334 ,0][0.6666666666666666 ,0][0.6944444444444444 ,0][0.7222222222222222 ,0]",1.0 ,"[0.7096774193548387 ,0][0.8709677419354839 ,0][0.9354838709677419 ,0][1.0 ,0]",0.8379629629629629 ,"[0.49074074074074076 ,0][0.5416666666666666 ,0][0.5833333333333334 ,0][0.6759259259259259 ,0][0.6898148148148148 ,0][0.7222222222222222 ,0][0.7592592592592593 ,0][0.7777777777777778 ,0][0.7824074074074074 ,0][0.8055555555555556 ,0][0.8101851851851852 ,0][0.8287037037037037 ,0][0.8333333333333334 ,0][0.8379629629629629 ,0]",
1,19_jmca,com.soops.CEN4010.JMCA.JParser.ParseException,1.0,0.8695652173913043 ,"[0.5942028985507246 ,0][0.6666666666666666 ,0][0.7246376811594203 ,0][0.8260869565217391 ,0][0.855072463768116 ,0][0.8695652173913043 ,0]",0.8723404255319149 ,"[0.6382978723404256 ,0][0.7021276595744681 ,0][0.7659574468085106 ,0][0.8085106382978723 ,0][0.851063829787234 ,0][0.8723404255319149 ,0]",1.0 ,"[1.0 ,0]",0.9230769230769231 ,"[0.8717948717948718 ,0][0.8888888888888888 ,0][0.9230769230769231 ,0]",0.8333333333333334 ,"[0.8333333333333334 ,0]",1.0 ,"[1.0 ,0]",0.8723404255319149 ,"[0.6382978723404256 ,0][0.7021276595744681 ,0][0.7659574468085106 ,0][0.8085106382978723 ,0][0.851063829787234 ,0][0.8723404255319149 ,0]",
1,19_jmca,com.soops.CEN4010.JMCA.JParser.parseTest.JMCAParserTestFrame,1.0,0,,0.5 ,"[0.5 ,0]",1.0 ,"[1.0 ,0]",0,,0,,1.0 ,"[1.0 ,0]",0,,
1,19_jmca,com.soops.CEN4010.JMCA.JParser.parseTest.JMCAParserTestApplication,1.0,0.5128205128205128 ,"[0.358974358974359 ,0][0.41025641025641024 ,0][0.46153846153846156 ,0][0.5128205128205128 ,0]",0.3 ,"[0.3 ,0]",1.0 ,"[1.0 ,0]",0.8 ,"[0.8 ,0]",0,,0.5 ,"[0.5 ,0]",0.3 ,"[0.3 ,0]",
1,19_jmca,com.soops.CEN4010.JMCA.JParser.JavaParserTokenManager,1.0,0.2996941896024465 ,"[0.07543323139653414 ,0][0.09174311926605505 ,0][0.12334352701325178 ,0][0.14271151885830785 ,0][0.15392456676860347 ,0][0.16106014271151886 ,0][0.17940876656472987 ,0][0.1875637104994903 ,0][0.18858307849133538 ,0][0.21406727828746178 ,0][0.23547400611620795 ,0][0.25076452599388377 ,0][0.2579001019367992 ,0][0.2691131498470948 ,0][0.2701325178389399 ,0][0.27217125382262997 ,0][0.2803261977573904 ,0][0.28440366972477066 ,0][0.29867482161060144 ,0][0.2996941896024465 ,0]",0.4299941417691857 ,"[0.10779144698301113 ,0][0.11013473930872876 ,0][0.1265377855887522 ,0][0.16520210896309315 ,0][0.22847100175746923 ,0][0.22905682483889866 ,0][0.2325717633274751 ,0][0.2478031634446397 ,0][0.2513181019332162 ,0][0.2519039250146456 ,0][0.252489748096075 ,0][0.3526654950205038 ,0][0.3731693028705331 ,0][0.38371411833626246 ,0][0.38957234915055655 ,0][0.39835969537199767 ,0][0.4012888107791447 ,0][0.4036321031048623 ,0][0.4094903339191564 ,0][0.4135910954891623 ,0][0.4141769185705917 ,0][0.4153485647334505 ,0][0.4288224956063269 ,0][0.4299941417691857 ,0]",1.0 ,"[1.0 ,0]",0.2626728110599078 ,"[0.06912442396313365 ,0][0.08064516129032258 ,0][0.10138248847926268 ,0][0.10368663594470046 ,0][0.1152073732718894 ,0][0.15898617511520738 ,0][0.16129032258064516 ,0][0.17050691244239632 ,0][0.17972350230414746 ,0][0.22350230414746544 ,0][0.24193548387096775 ,0][0.24423963133640553 ,0][0.2465437788018433 ,0][0.2626728110599078 ,0]",0.5 ,"[0.25 ,0][0.5 ,0]",1.0 ,"[0.7272727272727273 ,0][0.8181818181818182 ,0][1.0 ,0]",0.4294083186877563 ,"[0.10661980082015231 ,0][0.11013473930872876 ,0][0.1265377855887522 ,0][0.16520210896309315 ,0][0.22788517867603983 ,0][0.22847100175746923 ,0][0.23140011716461628 ,0][0.2472173403632103 ,0][0.2507322788517868 ,0][0.2519039250146456 ,0][0.252489748096075 ,0][0.3526654950205038 ,0][0.3731693028705331 ,0][0.38371411833626246 ,0][0.38957234915055655 ,0][0.39835969537199767 ,0][0.4012888107791447 ,0][0.4036321031048623 ,0][0.4094903339191564 ,0][0.4135910954891623 ,0][0.4141769185705917 ,0][0.4153485647334505 ,0][0.4282366725248975 ,0][0.4294083186877563 ,0]",
1,19_jmca,com.soops.CEN4010.JMCA.JParser.xmlParser.SaxProcessor,1.0,0.921875 ,"[0.765625 ,0][0.828125 ,0][0.875 ,0][0.921875 ,0]",0.9615384615384616 ,"[0.6538461538461539 ,0][0.8461538461538461 ,0][0.9615384615384616 ,0]",1.0 ,"[1.0 ,0]",0.8936170212765957 ,"[0.7021276595744681 ,0][0.8297872340425532 ,0][0.8936170212765957 ,0]",1.0 ,"[0.6 ,0][0.7 ,0][0.8 ,0][0.9 ,0][1.0 ,0]",1.0 ,"[0.9375 ,0][1.0 ,0]",0.9615384615384616 ,"[0.6538461538461539 ,0][0.8461538461538461 ,0][0.9615384615384616 ,0]",
1,19_jmca,com.soops.CEN4010.JMCA.JParser.xmlParser.State,1.0,1.0 ,"[1.0 ,0]",1.0 ,"[1.0 ,0]",1.0 ,"[1.0 ,0]",1.0 ,"[1.0 ,0]",0,,1.0 ,"[1.0 ,0]",1.0 ,"[1.0 ,0]",
1,19_jmca,com.soops.CEN4010.JMCA.JParser.JavaParser,1.0,0,,0,,0,,0,,0,,0,,0,,
1,19_jmca,com.soops.CEN4010.JMCA.JParser.Token,1.0,1.0 ,"[0.8571428571428571 ,0][1.0 ,0]",1.0 ,"[0.6363636363636364 ,0][1.0 ,0]",0.75 ,"[0.75 ,0]",1.0 ,"[1.0 ,0]",0.8 ,"[0.6 ,0][0.8 ,0]",0.75 ,"[0.75 ,0]",1.0 ,"[0.6363636363636364 ,0][1.0 ,0]",
1,19_jmca,com.soops.CEN4010.JMCA.DummyParser,1.0,1.0 ,"[1.0 ,0]",1.0 ,"[1.0 ,0]",1.0 ,"[1.0 ,0]",0,,0.5 ,"[0.5 ,0]",1.0 ,"[1.0 ,0]",1.0 ,"[1.0 ,0]",
1,19_jmca,com.soops.CEN4010.JMCA.JMCAParser,1.0,1.0 ,"[0.8275862068965517 ,0][1.0 ,0]",0.6363636363636364 ,"[0.45454545454545453 ,0][0.6363636363636364 ,0]",1.0 ,"[1.0 ,0]",1.0 ,"[1.0 ,0]",1.0 ,"[1.0 ,0]",1.0 ,"[1.0 ,0]",0.6363636363636364 ,"[0.45454545454545453 ,0][0.6363636363636364 ,0]",
1,19_jmca,com.soops.CEN4010.JMCA.JParser.SimpleNode,1.0,1.0 ,"[0.4393939393939394 ,0][0.5606060606060606 ,0][0.8484848484848485 ,0][0.8636363636363636 ,0][0.8939393939393939 ,0][0.9090909090909091 ,0][0.9393939393939394 ,0][0.9545454545454546 ,0][0.9696969696969697 ,0][0.9848484848484849 ,0][1.0 ,0]",0.9552238805970149 ,"[0.22388059701492538 ,0][0.34328358208955223 ,0][0.7014925373134329 ,0][0.746268656716418 ,0][0.7761194029850746 ,0][0.8059701492537313 ,0][0.8507462686567164 ,0][0.8656716417910447 ,0][0.8805970149253731 ,0][0.8955223880597015 ,0][0.9104477611940298 ,0][0.9253731343283582 ,0][0.9402985074626866 ,0][0.9552238805970149 ,0]",1.0 ,"[1.0 ,0]",0.8916666666666667 ,"[0.31666666666666665 ,0][0.4583333333333333 ,0][0.775 ,0][0.7916666666666666 ,0][0.8166666666666667 ,0][0.8583333333333333 ,0][0.8666666666666667 ,0][0.875 ,0][0.8833333333333333 ,0][0.8916666666666667 ,0]",0.5294117647058824 ,"[0.23529411764705882 ,0][0.29411764705882354 ,0][0.4117647058823529 ,0][0.47058823529411764 ,0][0.5294117647058824 ,0]",1.0 ,"[0.9230769230769231 ,0][1.0 ,0]",0.9552238805970149 ,"[0.22388059701492538 ,0][0.34328358208955223 ,0][0.7014925373134329 ,0][0.746268656716418 ,0][0.7761194029850746 ,0][0.8059701492537313 ,0][0.8507462686567164 ,0][0.8656716417910447 ,0][0.8805970149253731 ,0][0.8955223880597015 ,0][0.9104477611940298 ,0][0.9253731343283582 ,0][0.9402985074626866 ,0][0.9552238805970149 ,0]",
1,19_jmca,com.soops.CEN4010.JMCA.UILayoutDisplayAnalyzer,1.0,1.0 ,"[1.0 ,0]",1.0 ,"[1.0 ,0]",1.0 ,"[1.0 ,0]",1.0 ,"[1.0 ,0]",0.3333333333333333 ,"[0.3333333333333333 ,0]",1.0 ,"[1.0 ,0]",1.0 ,"[1.0 ,0]",
1,19_jmca,com.soops.CEN4010.JMCA.JMCAAnalyzer,1.0,0.125 ,"[0.10833333333333334 ,0][0.125 ,0]",0.06532663316582915 ,"[0.04522613065326633 ,0][0.06532663316582915 ,0]",1.0 ,"[1.0 ,0]",0.055900621118012424 ,"[0.031055900621118012 ,0][0.055900621118012424 ,0]",0.3333333333333333 ,"[0.3333333333333333 ,0]",1.0 ,"[1.0 ,0]",0.06532663316582915 ,"[0.04522613065326633 ,0][0.06532663316582915 ,0]",
1,20_nekomud,net.sourceforge.nekomud.Configuration,1.0,1.0 ,"[1.0 ,0]",1.0 ,"[1.0 ,0]",1.0 ,"[1.0 ,0]",1.0 ,"[1.0 ,0]",1.0 ,"[1.0 ,0]",1.0 ,"[1.0 ,0]",1.0 ,"[1.0 ,0]",
1,20_nekomud,net.sourceforge.nekomud.reflect.ReflectionServiceImpl,1.0,0.7894736842105263 ,"[0.5789473684210527 ,0][0.7894736842105263 ,0]",0.8888888888888888 ,"[0.7777777777777778 ,0][0.8888888888888888 ,0]",1.0 ,"[1.0 ,0]",0.5 ,"[0.4230769230769231 ,0][0.5 ,0]",1.0 ,"[0.5 ,0][1.0 ,0]",1.0 ,"[1.0 ,0]",0.8888888888888888 ,"[0.7777777777777778 ,0][0.8888888888888888 ,0]",
1,20_nekomud,net.sourceforge.nekomud.nio.Connection,1.0,0.37254901960784315 ,"[0.13725490196078433 ,0][0.1568627450980392 ,0][0.3333333333333333 ,0][0.37254901960784315 ,0]",0.47368421052631576 ,"[0.10526315789473684 ,0][0.47368421052631576 ,0]",1.0 ,"[0.5 ,0][1.0 ,0]",0.21138211382113822 ,"[0.024390243902439025 ,0][0.21138211382113822 ,0]",0.07142857142857142 ,"[0.07142857142857142 ,0]",0.75 ,"[0.5 ,0][0.75 ,0]",0.47368421052631576 ,"[0.10526315789473684 ,0][0.47368421052631576 ,0]",
1,20_nekomud,net.sourceforge.nekomud.nio.NetworkServiceNioImpl,1.0,0.4827586206896552 ,"[0.4827586206896552 ,0]",0.5 ,"[0.5 ,0]",1.0 ,"[1.0 ,0]",0.1111111111111111 ,"[0.1111111111111111 ,0]",0,,0.8 ,"[0.8 ,0]",0.5 ,"[0.5 ,0]",
1,20_nekomud,net.sourceforge.nekomud.ConfigurableMessageWriter,1.0,1.0 ,"[1.0 ,0]",1.0 ,"[1.0 ,0]",1.0 ,"[1.0 ,0]",0,,1.0 ,"[1.0 ,0]",1.0 ,"[1.0 ,0]",1.0 ,"[1.0 ,0]",
1,21_geo-google,oasis.names.tc.ciq.xsdschema.xal._2.Thoroughfare,1.0,1.0 ,"[0.2765957446808511 ,0][0.41134751773049644 ,0][0.6099290780141844 ,0][0.7304964539007093 ,0][0.9574468085106383 ,0][1.0 ,0]",1.0 ,"[0.22340425531914893 ,0][0.3404255319148936 ,0][0.5319148936170213 ,0][0.6702127659574468 ,0][0.9042553191489362 ,0][0.9574468085106383 ,0][1.0 ,0]",0.5 ,"[0.09722222222222222 ,0][0.1388888888888889 ,0][0.2361111111111111 ,0][0.3333333333333333 ,0][0.4861111111111111 ,0][0.5 ,0]",1.0 ,"[0.20588235294117646 ,0][0.23529411764705882 ,0][0.4789915966386555 ,0][0.592436974789916 ,0][0.7899159663865546 ,0][0.9117647058823529 ,0][0.9705882352941176 ,0][1.0 ,0]",0.6 ,"[0.12 ,0][0.13333333333333333 ,0][0.2 ,0][0.30666666666666664 ,0][0.4 ,0][0.4266666666666667 ,0][0.48 ,0][0.49333333333333335 ,0][0.5066666666666667 ,0][0.52 ,0][0.56 ,0][0.5733333333333334 ,0][0.5866666666666667 ,0][0.6 ,0]",0.5 ,"[0.09722222222222222 ,0][0.1388888888888889 ,0][0.2361111111111111 ,0][0.3333333333333333 ,0][0.4861111111111111 ,0][0.5 ,0]",1.0 ,"[0.22340425531914893 ,0][0.3404255319148936 ,0][0.5319148936170213 ,0][0.6702127659574468 ,0][0.9042553191489362 ,0][0.9574468085106383 ,0][1.0 ,0]",
1,21_geo-google,oasis.names.tc.ciq.xsdschema.xal._2.AddressDetails,1.0,1.0 ,"[0.2109375 ,0][0.3125 ,0][0.4921875 ,0][0.62109375 ,0][0.7578125 ,0][0.86328125 ,0][0.93359375 ,0][0.95703125 ,0][0.98828125 ,0][0.9921875 ,0][1.0 ,0]",1.0 ,"[0.17543859649122806 ,0][0.2631578947368421 ,0][0.4444444444444444 ,0][0.5730994152046783 ,0][0.7134502923976608 ,0][0.8070175438596491 ,0][0.8888888888888888 ,0][0.9239766081871345 ,0][0.9590643274853801 ,0][0.9649122807017544 ,0][0.9766081871345029 ,0][1.0 ,0]",0.4342105263157895 ,"[0.11842105263157894 ,0][0.19736842105263158 ,0][0.3157894736842105 ,0][0.3684210526315789 ,0][0.40789473684210525 ,0][0.4342105263157895 ,0]",1.0 ,"[0.13864306784660768 ,0][0.1976401179941003 ,0][0.39823008849557523 ,0][0.5162241887905604 ,0][0.6283185840707964 ,0][0.7168141592920354 ,0][0.7905604719764012 ,0][0.8230088495575221 ,0][0.8938053097345132 ,0][0.9262536873156342 ,0][0.9587020648967551 ,0][0.9882005899705014 ,0][1.0 ,0]",0.803921568627451 ,"[0.0196078431372549 ,0][0.11764705882352941 ,0][0.23529411764705882 ,0][0.29411764705882354 ,0][0.37254901960784315 ,0][0.4117647058823529 ,0][0.43137254901960786 ,0][0.45098039215686275 ,0][0.5098039215686274 ,0][0.5294117647058824 ,0][0.5686274509803921 ,0][0.5882352941176471 ,0][0.6274509803921569 ,0][0.6470588235294118 ,0][0.6666666666666666 ,0][0.6862745098039216 ,0][0.7058823529411765 ,0][0.7843137254901961 ,0][0.803921568627451 ,0]",0.4342105263157895 ,"[0.11842105263157894 ,0][0.19736842105263158 ,0][0.3157894736842105 ,0][0.3684210526315789 ,0][0.40789473684210525 ,0][0.4342105263157895 ,0]",1.0 ,"[0.17543859649122806 ,0][0.2631578947368421 ,0][0.4444444444444444 ,0][0.5730994152046783 ,0][0.7134502923976608 ,0][0.8070175438596491 ,0][0.8888888888888888 ,0][0.9239766081871345 ,0][0.9590643274853801 ,0][0.9649122807017544 ,0][0.9766081871345029 ,0][1.0 ,0]",
1,21_geo-google,oasis.names.tc.ciq.xsdschema.xal._2.ThoroughfareNumberSuffix,1.0,1.0 ,"[1.0 ,0]",1.0 ,"[1.0 ,0]",1.0 ,"[1.0 ,0]",1.0 ,"[1.0 ,0]",0.7777777777777778 ,"[0.7777777777777778 ,0]",1.0 ,"[1.0 ,0]",1.0 ,"[1.0 ,0]",
1,21_geo-google,oasis.names.tc.ciq.xsdschema.xal._2.XAL,1.0,1.0 ,"[1.0 ,0]",1.0 ,"[1.0 ,0]",1.0 ,"[1.0 ,0]",1.0 ,"[1.0 ,0]",0.5238095238095238 ,"[0.47619047619047616 ,0][0.5238095238095238 ,0]",1.0 ,"[1.0 ,0]",1.0 ,"[1.0 ,0]",
1,21_geo-google,oasis.names.tc.ciq.xsdschema.xal._2.ThoroughfarePostDirectionType,1.0,1.0 ,"[1.0 ,0]",1.0 ,"[1.0 ,0]",1.0 ,"[1.0 ,0]",1.0 ,"[1.0 ,0]",0.7333333333333333 ,"[0.7333333333333333 ,0]",1.0 ,"[1.0 ,0]",1.0 ,"[1.0 ,0]",
1,21_geo-google,oasis.names.tc.ciq.xsdschema.xal._2.ThoroughfareNumber,1.0,1.0 ,"[1.0 ,0]",1.0 ,"[1.0 ,0]",1.0 ,"[1.0 ,0]",1.0 ,"[1.0 ,0]",0.8518518518518519 ,"[0.8518518518518519 ,0]",1.0 ,"[1.0 ,0]",1.0 ,"[1.0 ,0]",
1,21_geo-google,oasis.names.tc.ciq.xsdschema.xal._2.AdministrativeArea,1.0,1.0 ,"[0.7931034482758621 ,0][0.9540229885057471 ,0][0.9770114942528736 ,0][1.0 ,0]",1.0 ,"[0.7413793103448276 ,0][0.9310344827586207 ,0][0.9827586206896551 ,0][1.0 ,0]",0.4318181818181818 ,"[0.3181818181818182 ,0][0.4090909090909091 ,0][0.4318181818181818 ,0]",1.0 ,"[0.6907216494845361 ,0][0.865979381443299 ,0][0.9381443298969072 ,0][0.9896907216494846 ,0][1.0 ,0]",0.6341463414634146 ,"[0.2682926829268293 ,0][0.36585365853658536 ,0][0.4146341463414634 ,0][0.4878048780487805 ,0][0.5121951219512195 ,0][0.5609756097560976 ,0][0.6097560975609756 ,0][0.6341463414634146 ,0]",0.4318181818181818 ,"[0.3181818181818182 ,0][0.4090909090909091 ,0][0.4318181818181818 ,0]",1.0 ,"[0.7413793103448276 ,0][0.9310344827586207 ,0][0.9827586206896551 ,0][1.0 ,0]",
1,21_geo-google,oasis.names.tc.ciq.xsdschema.xal._2.Premise,1.0,1.0 ,"[0.3409090909090909 ,0][0.45454545454545453 ,0][0.8636363636363636 ,0][1.0 ,0]",1.0 ,"[0.2808988764044944 ,0][0.3707865168539326 ,0][0.7415730337078652 ,0][0.9213483146067416 ,0][0.9438202247191011 ,0][0.9887640449438202 ,0][1.0 ,0]",0.47619047619047616 ,"[0.19047619047619047 ,0][0.2222222222222222 ,0][0.3968253968253968 ,0][0.47619047619047616 ,0]",1.0 ,"[0.23003194888178913 ,0][0.30990415335463256 ,0][0.6869009584664537 ,0][0.8594249201277955 ,0][0.9552715654952076 ,0][0.9968051118210862 ,0][1.0 ,0]",0.5512820512820513 ,"[0.1794871794871795 ,0][0.23076923076923078 ,0][0.34615384615384615 ,0][0.3717948717948718 ,0][0.38461538461538464 ,0][0.41025641025641024 ,0][0.4230769230769231 ,0][0.44871794871794873 ,0][0.46153846153846156 ,0][0.47435897435897434 ,0][0.48717948717948717 ,0][0.5128205128205128 ,0][0.5256410256410257 ,0][0.5384615384615384 ,0][0.5512820512820513 ,0]",0.47619047619047616 ,"[0.19047619047619047 ,0][0.2222222222222222 ,0][0.3968253968253968 ,0][0.47619047619047616 ,0]",1.0 ,"[0.2808988764044944 ,0][0.3707865168539326 ,0][0.7415730337078652 ,0][0.9213483146067416 ,0][0.9438202247191011 ,0][0.9887640449438202 ,0][1.0 ,0]",
1,21_geo-google,oasis.names.tc.ciq.xsdschema.xal._2.PremiseNumberPrefix,1.0,1.0 ,"[1.0 ,0]",1.0 ,"[1.0 ,0]",1.0 ,"[1.0 ,0]",1.0 ,"[1.0 ,0]",0.7777777777777778 ,"[0.7777777777777778 ,0]",1.0 ,"[1.0 ,0]",1.0 ,"[1.0 ,0]",
1,21_geo-google,oasis.names.tc.ciq.xsdschema.xal._2.Department,1.0,1.0 ,"[1.0 ,0]",1.0 ,"[1.0 ,0]",0.5789473684210527 ,"[0.5789473684210527 ,0]",1.0 ,"[1.0 ,0]",0.5806451612903226 ,"[0.45161290322580644 ,0][0.4838709677419355 ,0][0.5161290322580645 ,0][0.5483870967741935 ,0][0.5806451612903226 ,0]",0.5789473684210527 ,"[0.5789473684210527 ,0]",1.0 ,"[1.0 ,0]",
1,21_geo-google,oasis.names.tc.ciq.xsdschema.xal._2.ObjectFactory,1.0,1.0 ,"[1.0 ,0]",1.0 ,"[1.0 ,0]",1.0 ,"[1.0 ,0]",0,,0.5 ,"[0.5 ,0]",1.0 ,"[1.0 ,0]",1.0 ,"[1.0 ,0]",
1,21_geo-google,oasis.names.tc.ciq.xsdschema.xal._2.PostalCode,1.0,1.0 ,"[0.9404761904761905 ,0][1.0 ,0]",1.0 ,"[0.875 ,0][1.0 ,0]",0.2777777777777778 ,"[0.25 ,0][0.2777777777777778 ,0]",1.0 ,"[0.7745098039215687 ,0][0.9803921568627451 ,0][1.0 ,0]",0.5428571428571428 ,"[0.3142857142857143 ,0][0.42857142857142855 ,0][0.4857142857142857 ,0][0.5428571428571428 ,0]",0.2777777777777778 ,"[0.25 ,0][0.2777777777777778 ,0]",1.0 ,"[0.875 ,0][1.0 ,0]",
1,21_geo-google,oasis.names.tc.ciq.xsdschema.xal._2.ThoroughfareNameType,1.0,1.0 ,"[1.0 ,0]",1.0 ,"[1.0 ,0]",1.0 ,"[1.0 ,0]",1.0 ,"[1.0 ,0]",0.7333333333333333 ,"[0.7333333333333333 ,0]",1.0 ,"[1.0 ,0]",1.0 ,"[1.0 ,0]",
1,21_geo-google,oasis.names.tc.ciq.xsdschema.xal._2.ThoroughfareTrailingTypeType,1.0,1.0 ,"[1.0 ,0]",1.0 ,"[1.0 ,0]",1.0 ,"[1.0 ,0]",1.0 ,"[1.0 ,0]",0.7333333333333333 ,"[0.7333333333333333 ,0]",1.0 ,"[1.0 ,0]",1.0 ,"[1.0 ,0]",
1,21_geo-google,oasis.names.tc.ciq.xsdschema.xal._2.BuildingNameType,1.0,1.0 ,"[1.0 ,0]",1.0 ,"[1.0 ,0]",1.0 ,"[1.0 ,0]",1.0 ,"[1.0 ,0]",0.7777777777777778 ,"[0.7777777777777778 ,0]",1.0 ,"[1.0 ,0]",1.0 ,"[1.0 ,0]",
1,21_geo-google,oasis.names.tc.ciq.xsdschema.xal._2.MailStopType,1.0,1.0 ,"[0.9761904761904762 ,0][1.0 ,0]",1.0 ,"[0.9642857142857143 ,0][1.0 ,0]",0.38461538461538464 ,"[0.38461538461538464 ,0]",1.0 ,"[0.9230769230769231 ,0][1.0 ,0]",0.6 ,"[0.4 ,0][0.56 ,0][0.6 ,0]",0.38461538461538464 ,"[0.38461538461538464 ,0]",1.0 ,"[0.9642857142857143 ,0][1.0 ,0]",
1,21_geo-google,oasis.names.tc.ciq.xsdschema.xal._2.PostalRouteType,1.0,1.0 ,"[1.0 ,0]",1.0 ,"[1.0 ,0]",0.44 ,"[0.44 ,0]",1.0 ,"[1.0 ,0]",0.5806451612903226 ,"[0.41935483870967744 ,0][0.4838709677419355 ,0][0.5483870967741935 ,0][0.5806451612903226 ,0]",0.44 ,"[0.44 ,0]",1.0 ,"[1.0 ,0]",
1,21_geo-google,oasis.names.tc.ciq.xsdschema.xal._2.PostOffice,1.0,1.0 ,"[0.9122807017543859 ,0][1.0 ,0]",1.0 ,"[0.9210526315789473 ,0][1.0 ,0]",0.4857142857142857 ,"[0.42857142857142855 ,0][0.4857142857142857 ,0]",1.0 ,"[0.8088235294117647 ,0][1.0 ,0]",0.6578947368421053 ,"[0.39473684210526316 ,0][0.5526315789473685 ,0][0.5789473684210527 ,0][0.6052631578947368 ,0][0.631578947368421 ,0][0.6578947368421053 ,0]",0.4857142857142857 ,"[0.42857142857142855 ,0][0.4857142857142857 ,0]",1.0 ,"[0.9210526315789473 ,0][1.0 ,0]",
1,21_geo-google,oasis.names.tc.ciq.xsdschema.xal._2.Locality,1.0,1.0 ,"[0.43859649122807015 ,0][0.9649122807017544 ,0][1.0 ,0]",1.0 ,"[0.4473684210526316 ,0][0.9473684210526315 ,0][1.0 ,0]",0.7714285714285715 ,"[0.2571428571428571 ,0][0.7428571428571429 ,0][0.7714285714285715 ,0]",1.0 ,"[0.49056603773584906 ,0][0.8301886792452831 ,0][1.0 ,0]",0.6938775510204082 ,"[0.1836734693877551 ,0][0.42857142857142855 ,0][0.4897959183673469 ,0][0.5102040816326531 ,0][0.5306122448979592 ,0][0.5714285714285714 ,0][0.5918367346938775 ,0][0.6122448979591837 ,0][0.6530612244897959 ,0][0.673469387755102 ,0][0.6938775510204082 ,0]",0.7714285714285715 ,"[0.2571428571428571 ,0][0.7428571428571429 ,0][0.7714285714285715 ,0]",1.0 ,"[0.4473684210526316 ,0][0.9473684210526315 ,0][1.0 ,0]",
1,21_geo-google,oasis.names.tc.ciq.xsdschema.xal._2.SubPremiseType,1.0,1.0 ,"[0.788135593220339 ,0][0.9491525423728814 ,0][1.0 ,0]",1.0 ,"[0.759493670886076 ,0][0.8860759493670886 ,0][1.0 ,0]",0.2916666666666667 ,"[0.20833333333333334 ,0][0.2638888888888889 ,0][0.2916666666666667 ,0]",1.0 ,"[0.5161290322580645 ,0][0.8243727598566308 ,0][0.9713261648745519 ,0][1.0 ,0]",0.5245901639344263 ,"[0.26229508196721313 ,0][0.36065573770491804 ,0][0.3770491803278688 ,0][0.4098360655737705 ,0][0.4262295081967213 ,0][0.45901639344262296 ,0][0.47540983606557374 ,0][0.4918032786885246 ,0][0.5245901639344263 ,0]",0.2916666666666667 ,"[0.20833333333333334 ,0][0.2638888888888889 ,0][0.2916666666666667 ,0]",1.0 ,"[0.759493670886076 ,0][0.8860759493670886 ,0][1.0 ,0]",
1,21_geo-google,oasis.names.tc.ciq.xsdschema.xal._2.PremiseNumberSuffix,1.0,1.0 ,"[1.0 ,0]",1.0 ,"[1.0 ,0]",1.0 ,"[1.0 ,0]",1.0 ,"[1.0 ,0]",0.7777777777777778 ,"[0.7777777777777778 ,0]",1.0 ,"[1.0 ,0]",1.0 ,"[1.0 ,0]",
1,21_geo-google,oasis.names.tc.ciq.xsdschema.xal._2.PremiseNumber,1.0,1.0 ,"[1.0 ,0]",1.0 ,"[1.0 ,0]",1.0 ,"[1.0 ,0]",1.0 ,"[1.0 ,0]",0.8518518518518519 ,"[0.8518518518518519 ,0]",1.0 ,"[1.0 ,0]",1.0 ,"[1.0 ,0]",
1,21_geo-google,oasis.names.tc.ciq.xsdschema.xal._2.AddressLine,1.0,1.0 ,"[1.0 ,0]",1.0 ,"[1.0 ,0]",1.0 ,"[1.0 ,0]",1.0 ,"[1.0 ,0]",0.7333333333333333 ,"[0.7333333333333333 ,0]",1.0 ,"[1.0 ,0]",1.0 ,"[1.0 ,0]",
1,21_geo-google,oasis.names.tc.ciq.xsdschema.xal._2.CountryName,1.0,1.0 ,"[1.0 ,0]",1.0 ,"[1.0 ,0]",1.0 ,"[1.0 ,0]",1.0 ,"[1.0 ,0]",0.7333333333333333 ,"[0.7333333333333333 ,0]",1.0 ,"[1.0 ,0]",1.0 ,"[1.0 ,0]",
1,21_geo-google,oasis.names.tc.ciq.xsdschema.xal._2.ThoroughfareNumberPrefix,1.0,1.0 ,"[1.0 ,0]",1.0 ,"[1.0 ,0]",1.0 ,"[1.0 ,0]",1.0 ,"[1.0 ,0]",0.7777777777777778 ,"[0.7777777777777778 ,0]",1.0 ,"[1.0 ,0]",1.0 ,"[1.0 ,0]",
1,21_geo-google,oasis.names.tc.ciq.xsdschema.xal._2.DependentLocalityType,1.0,1.0 ,"[0.05333333333333334 ,0][0.6266666666666667 ,0][0.9066666666666666 ,0][1.0 ,0]",1.0 ,"[0.04 ,0][0.56 ,0][0.86 ,0][0.98 ,0][1.0 ,0]",0.6595744680851063 ,"[0.3617021276595745 ,0][0.574468085106383 ,0][0.6595744680851063 ,0]",1.0 ,"[0.03614457831325301 ,0][0.4939759036144578 ,0][0.7590361445783133 ,0][0.9518072289156626 ,0][0.9879518072289156 ,0][1.0 ,0]",0.6851851851851852 ,"[0.2962962962962963 ,0][0.35185185185185186 ,0][0.42592592592592593 ,0][0.46296296296296297 ,0][0.5 ,0][0.5185185185185185 ,0][0.5370370370370371 ,0][0.5740740740740741 ,0][0.5925925925925926 ,0][0.6111111111111112 ,0][0.6481481481481481 ,0][0.6666666666666666 ,0][0.6851851851851852 ,0]",0.6595744680851063 ,"[0.3617021276595745 ,0][0.574468085106383 ,0][0.6595744680851063 ,0]",1.0 ,"[0.04 ,0][0.56 ,0][0.86 ,0][0.98 ,0][1.0 ,0]",
1,21_geo-google,oasis.names.tc.ciq.xsdschema.xal._2.AddressLinesType,1.0,1.0 ,"[1.0 ,0]",1.0 ,"[1.0 ,0]",1.0 ,"[1.0 ,0]",1.0 ,"[1.0 ,0]",0.4444444444444444 ,"[0.4444444444444444 ,0]",1.0 ,"[1.0 ,0]",1.0 ,"[1.0 ,0]",
1,21_geo-google,oasis.names.tc.ciq.xsdschema.xal._2.PostBox,1.0,1.0 ,"[0.18666666666666668 ,0][0.76 ,0][0.9733333333333334 ,0][1.0 ,0]",1.0 ,"[0.18 ,0][0.7 ,0][0.98 ,0][1.0 ,0]",0.4166666666666667 ,"[0.14583333333333334 ,0][0.4166666666666667 ,0]",1.0 ,"[0.06666666666666667 ,0][0.6 ,0][0.8833333333333333 ,0][1.0 ,0]",0.6944444444444444 ,"[0.1111111111111111 ,0][0.4166666666666667 ,0][0.4722222222222222 ,0][0.5 ,0][0.6111111111111112 ,0][0.6666666666666666 ,0][0.6944444444444444 ,0]",0.4166666666666667 ,"[0.14583333333333334 ,0][0.4166666666666667 ,0]",1.0 ,"[0.18 ,0][0.7 ,0][0.98 ,0][1.0 ,0]",
1,21_geo-google,oasis.names.tc.ciq.xsdschema.xal._2.LargeMailUserType,1.0,1.0 ,"[0.21666666666666667 ,0][0.7333333333333333 ,0][1.0 ,0]",1.0 ,"[0.175 ,0][0.65 ,0][1.0 ,0]",0.5 ,"[0.1111111111111111 ,0][0.3888888888888889 ,0][0.5 ,0]",1.0 ,"[0.06493506493506493 ,0][0.5064935064935064 ,0][0.987012987012987 ,0][1.0 ,0]",0.5813953488372093 ,"[0.3023255813953488 ,0][0.3953488372093023 ,0][0.46511627906976744 ,0][0.4883720930232558 ,0][0.5581395348837209 ,0][0.5813953488372093 ,0]",0.5 ,"[0.1111111111111111 ,0][0.3888888888888889 ,0][0.5 ,0]",1.0 ,"[0.175 ,0][0.65 ,0][1.0 ,0]",
1,21_geo-google,oasis.names.tc.ciq.xsdschema.xal._2.ThoroughfareLeadingTypeType,1.0,1.0 ,"[1.0 ,0]",1.0 ,"[1.0 ,0]",1.0 ,"[1.0 ,0]",1.0 ,"[1.0 ,0]",0.7333333333333333 ,"[0.7333333333333333 ,0]",1.0 ,"[1.0 ,0]",1.0 ,"[1.0 ,0]",
1,21_geo-google,oasis.names.tc.ciq.xsdschema.xal._2.FirmType,1.0,1.0 ,"[1.0 ,0]",1.0 ,"[1.0 ,0]",0.6 ,"[0.6 ,0]",1.0 ,"[1.0 ,0]",0.5675675675675675 ,"[0.43243243243243246 ,0][0.5135135135135135 ,0][0.5405405405405406 ,0][0.5675675675675675 ,0]",0.6 ,"[0.6 ,0]",1.0 ,"[1.0 ,0]",
1,21_geo-google,oasis.names.tc.ciq.xsdschema.xal._2.ThoroughfarePreDirectionType,1.0,1.0 ,"[1.0 ,0]",1.0 ,"[1.0 ,0]",1.0 ,"[1.0 ,0]",1.0 ,"[1.0 ,0]",0.7333333333333333 ,"[0.7333333333333333 ,0]",1.0 ,"[1.0 ,0]",1.0 ,"[1.0 ,0]",
1,22_byuic,com.yahoo.platform.yui.compressor.JavaScriptIdentifier,1.0,1.0 ,"[1.0 ,0]",1.0 ,"[1.0 ,0]",1.0 ,"[1.0 ,0]",1.0 ,"[1.0 ,0]",0.9 ,"[0.8 ,0][0.9 ,0]",1.0 ,"[1.0 ,0]",1.0 ,"[1.0 ,0]",
1,22_byuic,com.yahoo.platform.yui.compressor.JarClassLoader,1.0,0.4444444444444444 ,"[0.4444444444444444 ,0]",0.32432432432432434 ,"[0.32432432432432434 ,0]",1.0 ,"[1.0 ,0]",0.3655913978494624 ,"[0.3655913978494624 ,0]",0.25 ,"[0.25 ,0]",1.0 ,"[1.0 ,0]",0.32432432432432434 ,"[0.32432432432432434 ,0]",
1,22_byuic,com.yahoo.platform.yui.compressor.Bootstrap,1.0,0.5714285714285714 ,"[0.5714285714285714 ,0]",1.0 ,"[1.0 ,0]",1.0 ,"[1.0 ,0]",0,,0,,1.0 ,"[1.0 ,0]",1.0 ,"[1.0 ,0]",
1,22_byuic,com.yahoo.platform.yui.compressor.ScriptOrFnScope,1.0,0.7848101265822784 ,"[0.3670886075949367 ,0][0.379746835443038 ,0][0.7848101265822784 ,0]",0.7692307692307693 ,"[0.3076923076923077 ,0][0.3333333333333333 ,0][0.7692307692307693 ,0]",1.0 ,"[1.0 ,0]",0.673469387755102 ,"[0.4489795918367347 ,0][0.673469387755102 ,0]",0.75 ,"[0.6666666666666666 ,0][0.75 ,0]",1.0 ,"[1.0 ,0]",0.7692307692307693 ,"[0.3076923076923077 ,0][0.3333333333333333 ,0][0.7692307692307693 ,0]",
1,22_byuic,com.yahoo.platform.yui.compressor.CssCompressor,1.0,0.7121212121212122 ,"[0.4696969696969697 ,0][0.4797979797979798 ,0][0.494949494949495 ,0][0.5606060606060606 ,0][0.6313131313131313 ,0][0.6818181818181818 ,0][0.7121212121212122 ,0]",0.5 ,"[0.18421052631578946 ,0][0.19736842105263158 ,0][0.2236842105263158 ,0][0.3026315789473684 ,0][0.3815789473684211 ,0][0.47368421052631576 ,0][0.4868421052631579 ,0][0.5 ,0]",1.0 ,"[1.0 ,0]",0.5112107623318386 ,"[0.06278026905829596 ,0][0.47533632286995514 ,0][0.5112107623318386 ,0]",0.6666666666666666 ,"[0.6666666666666666 ,0]",1.0 ,"[1.0 ,0]",0.5 ,"[0.18421052631578946 ,0][0.19736842105263158 ,0][0.2236842105263158 ,0][0.3026315789473684 ,0][0.3815789473684211 ,0][0.47368421052631576 ,0][0.4868421052631579 ,0][0.5 ,0]",
1,22_byuic,com.yahoo.platform.yui.compressor.JavaScriptToken,1.0,1.0 ,"[1.0 ,0]",1.0 ,"[1.0 ,0]",1.0 ,"[1.0 ,0]",1.0 ,"[1.0 ,0]",1.0 ,"[1.0 ,0]",1.0 ,"[1.0 ,0]",1.0 ,"[1.0 ,0]",
1,25_jni-inchi,net.sf.jniinchi.JniInchiAtom,1.0,1.0 ,"[1.0 ,0]",1.0 ,"[1.0 ,0]",1.0 ,"[1.0 ,0]",1.0 ,"[1.0 ,0]",0.875 ,"[0.825 ,0][0.875 ,0]",1.0 ,"[1.0 ,0]",1.0 ,"[1.0 ,0]",
1,25_jni-inchi,net.sf.jniinchi.JniInchiException,1.0,1.0 ,"[1.0 ,0]",1.0 ,"[1.0 ,0]",1.0 ,"[1.0 ,0]",0,,0,,1.0 ,"[1.0 ,0]",1.0 ,"[1.0 ,0]",
1,25_jni-inchi,net.sf.jniinchi.JniInchiInputData,1.0,1.0 ,"[1.0 ,0]",1.0 ,"[1.0 ,0]",1.0 ,"[1.0 ,0]",0,,0.8235294117647058 ,"[0.7647058823529411 ,0][0.8235294117647058 ,0]",1.0 ,"[1.0 ,0]",1.0 ,"[1.0 ,0]",
